0
0
0
0
0
0
0
0
0
0
0
0
0
0
0
0
0
0
0
0
0
0
0
0
0
0
0
0
0
0
0
0
0
0
0
0
0
0
0
0
0
0
0
0
0
0
0
0
0
0
0
0
0
0
0
0
0
0
0
0
0
0
0
0
0
0
0
0
0
0
0
0
0
0
0
0
0
0
0
0
0
0
0
0
0
0
0
0
0
0
0
0
0
0
0
0
0
0
0
0
0
0
0
0
0
0
0
0
0
0
0
0
0
0
0
0
0
0
0
0
0
0
0
0
0
0
0
0
0
0
0
0
0
0
0
0
0
0
0
0
0
0
0
0
0
0
0
0
0
0
0
0
0
0
0
0
0
0
0
0
0
0
0
0
0
0
0
0
0
0
0
0
0
0
0
0
0
0
0
0
0
0
0
0
0
0
0
0
0
0
0
0
0
0
0
0
0
0
25
10
-25
38
-7
-37
41
-9
-32
47
-13
-35
41
-8
-15
54
1
-19
20
-35
-40
16
-1
9
52
16
-17
1
-22
-41
13
27
6
42
33
-17
-1
-1
-27
-1
12
1
12
15
7
-4
-9
-10
-26
-19
5
-6
6
35
-5
-10
18
-36
-33
31
-22
-14
64
-13
-26
50
-41
-54
32
-39
-36
53
-9
-21
30
-30
-40
-2
-22
-10
15
10
7
-6
-4
-7
-28
0
7
-16
16
16
-23
4
3
-36
-8
3
-19
1
13
0
-8
-2
3
-20
-10
29
-6
-6
49
-8
-22
44
-18
-28
53
-7
-13
58
-14
-23
34
-31
-18
44
-11
8
49
-24
-7
30
-27
9
52
-4
13
36
-17
1
33
3
18
29
-10
-5
7
-6
15
24
4
6
-6
-22
-3
2
9
26
6
3
-2
-32
-4
10
-7
29
22
-26
-4
-8
-35
3
19
0
3
1
-20
-38
-18
8
-10
8
34
-22
-38
1
-39
-36
42
13
-13
36
-19
-65
-4
-17
-24
47
21
-11
13
-31
-39
3
-3
15
35
9
3
-3
-15
3
9
15
22
5
-6
1
-1
7
26
21
-4
-6
-10
-27
8
38
22
27
16
-21
-27
-15
4
22
35
48
14
-17
-5
-31
-22
32
16
22
40
-13
-16
-7
-41
-7
19
-7
26
32
-16
-3
2
-37
-7
22
2
22
36
-5
-18
-8
-28
-20
17
10
1
15
-9
-37
-13
-9
-24
15
25
-16
9
16
-39
-6
27
-24
9
46
-15
-3
25
-22
-22
13
-4
-17
16
18
-28
0
12
-53
1
35
-28
36
39
-47
11
-2
-51
41
27
-1
57
-9
-35
-1
-48
0
43
0
43
21
-57
-17
-24
-43
35
45
12
28
2
-40
-32
0
6
-1
32
29
-31
4
23
-48
-4
27
-58
-4
45
-30
26
52
-52
-31
-18
-69
-5
39
31
39
-5
-34
-61
-76
1
24
20
76
10
-56
-18
-54
-42
35
19
21
18
-27
-24
-37
-36
6
-16
-8
18
-23
-15
6
-21
-10
0
-12
-7
2
10
3
-6
-2
-19
-22
3
-3
-9
1
-17
-28
-17
-9
-5
4
10
-3
-22
-10
1
-4
26
46
-1
-2
14
-38
-16
40
-4
2
36
-23
-30
4
-17
-11
12
7
0
-7
9
9
-8
28
21
-12
24
15
-7
26
12
-3
16
3
6
10
-4
-7
-17
-11
2
9
39
22
-13
1
-35
-47
33
35
24
68
16
-52
-20
-14
-22
40
66
10
-7
6
-43
-32
46
13
-5
45
-30
-52
43
-7
-8
81
-22
-47
42
-48
-26
85
-12
0
65
-44
-21
32
-39
7
29
-30
15
12
-17
22
-1
-28
-13
-22
-14
7
32
36
-3
10
-1
-65
-7
23
-28
39
62
-25
-3
6
-68
-37
11
-14
2
33
2
-26
-9
-13
-34
0
24
-5
28
45
-18
6
23
-51
5
53
-31
23
55
-72
-30
32
-70
-9
83
-25
-25
46
-48
-66
49
18
-21
86
53
-55
24
11
-99
13
48
-47
59
70
-64
-5
-14
-122
-30
20
-16
70
82
-8
-13
-43
-83
-29
19
51
84
51
14
-13
-75
-70
-21
-37
3
76
27
-2
24
-73
-130
-37
-24
-13
118
106
-11
2
-42
-130
-30
57
32
86
76
-38
-53
-59
-72
4
28
22
43
-24
-64
-7
-34
-29
71
22
-42
37
1
-64
56
59
-45
31
31
-90
-14
41
-51
11
71
-43
-37
28
-59
-52
63
13
-20
80
20
-72
19
15
-61
46
84
-25
4
42
-54
-49
41
4
-31
38
19
-58
-12
27
-32
-1
59
-3
-33
6
-29
-46
25
44
14
23
-6
-66
-50
-27
-9
44
45
10
8
-41
-79
-25
-3
6
65
62
6
-12
-18
-33
-28
12
32
-7
-1
25
-24
-27
19
-20
-40
6
6
2
35
48
30
6
0
4
-16
-3
50
40
11
38
13
-60
-31
0
-52
-16
53
-5
-20
40
-15
-50
26
18
-24
42
50
-16
28
53
-30
2
46
-48
-22
43
-56
-32
54
-38
-30
37
-62
-67
22
-16
-1
66
12
-21
7
-6
1
40
21
0
-6
-55
-59
-8
-22
-15
40
-37
-113
-60
-103
-121
50
66
-27
64
10
-161
-33
36
-83
51
134
-31
24
93
-78
-63
30
-75
-41
96
36
-2
74
7
-84
-25
-11
-56
25
108
80
74
80
-2
-67
-27
24
36
84
131
62
0
28
0
-45
16
56
35
71
109
56
11
24
19
18
77
99
51
21
8
-12
9
60
65
34
14
1
-20
-10
33
50
57
87
91
58
29
-3
-22
5
50
91
108
73
16
-20
-46
-48
-26
-12
7
31
31
15
-19
-66
-89
-72
-16
51
74
66
50
9
-18
-2
10
2
7
18
10
-3
-10
-35
-63
-57
-45
-35
-13
-1
-10
-5
11
13
9
9
3
-22
-33
-12
-10
-18
5
5
-28
-36
-53
-87
-81
-55
-41
-12
11
-16
-58
-81
-101
-101
-53
4
28
28
10
-31
-66
-71
-58
-36
-13
-11
-24
-41
-70
-88
-92
-89
-76
-56
-52
-45
-35
-39
-39
-31
-41
-58
-61
-51
-40
-18
4
2
-19
-37
-50
-62
-51
-22
-1
17
33
21
-11
-35
-55
-64
-34
10
38
52
50
14
-28
-40
-32
-8
40
86
98
87
59
18
-7
-3
21
58
80
78
56
11
-30
-40
-42
-38
-11
-1
-8
-2
-5
-22
-16
3
9
26
50
45
34
38
33
23
32
30
8
0
-4
-16
-12
1
4
10
24
22
18
25
29
37
57
73
82
86
83
82
85
82
77
69
53
45
49
56
67
64
46
24
4
-5
6
29
50
63
71
67
48
27
11
2
8
24
38
40
24
-9
-46
-70
-75
-63
-38
-19
-14
-21
-30
-49
-68
-82
-88
-81
-69
-59
-59
-79
-119
-161
-187
-190
-177
-156
-136
-133
-145
-163
-183
-201
-206
-192
-164
-130
-106
-108
-129
-157
-183
-190
-176
-157
-144
-136
-135
-138
-147
-159
-166
-164
-145
-106
-59
-20
-2
-1
-11
-25
-35
-38
-35
-34
-31
-15
5
21
32
39
52
76
120
182
249
299
346
396
443
484
509
514
504
497
510
545
585
616
634
633
607
551
475
400
366
416
535
670
777
823
813
787
766
779
868
1050
1279
1483
1522
1203
505
-349
-1064
-1408
-1320
-984
-697
-715
-1104
-1682
-2196
-2484
-2468
-2143
-1589
-986
-503
-250
-279
-532
-808
-870
-589
-38
571
1036
1226
1136
870
583
393
339
404
562
744
846
767
483
61
-391
-753
-923
-912
-829
-778
-833
-1020
-1298
-1601
-1843
-1926
-1805
-1505
-1094
-676
-383
-267
-259
-239
-118
122
428
721
909
928
812
625
402
179
6
-79
-94
-99
-145
-259
-430
-606
-700
-668
-548
-407
-291
-221
-177
-135
-64
60
229
437
676
914
1111
1240
1310
1359
1414
1500
1616
1740
1855
1946
1966
1909
1835
1834
1941
2098
2244
2410
2648
2981
3373
3629
3269
1874
-296
-2390
-3635
-3752
-3021
-2061
-1604
-2137
-3404
-4681
-5457
-5612
-5144
-4010
-2410
-839
302
811
612
-95
-725
-629
353
1789
3103
3907
4020
3502
2623
1709
929
329
2
60
390
647
481
-238
-1357
-2565
-3478
-3814
-3589
-3050
-2466
-1969
-1594
-1411
-1467
-1658
-1777
-1607
-1010
-17
1147
2106
2566
2520
2181
1813
1582
1539
1660
1847
1980
1974
1757
1258
467
-472
-1283
-1751
-1860
-1747
-1581
-1503
-1622
-1940
-2319
-2650
-2908
-2967
-2634
-1868
-852
96
724
928
763
483
436
751
1280
1764
2022
1971
1586
947
234
-376
-751
-843
-694
-437
-261
-309
-576
-891
-1046
-940
-599
-127
352
721
931
1026
1087
1161
1294
1538
1896
2267
2549
2749
2908
3001
3016
3059
3191
3300
3278
3235
3307
3438
3489
3443
3168
2141
87
-2343
-4082
-4674
-4427
-3793
-3153
-3084
-3919
-5137
-5870
-5835
-5290
-4276
-2617
-652
885
1684
1914
1727
1275
1068
1669
2947
4187
4866
4901
4329
3213
1844
671
-106
-577
-798
-759
-643
-823
-1519
-2548
-3568
-4310
-4572
-4249
-3442
-2477
-1678
-1113
-724
-513
-465
-402
-63
644
1590
2597
3443
3868
3723
3132
2425
1855
1483
1288
1212
1138
916
468
-187
-1001
-1899
-2692
-3140
-3140
-2805
-2365
-1988
-1769
-1743
-1876
-2058
-2131
-1973
-1507
-747
134
874
1258
1229
928
588
428
536
805
1058
1106
850
336
-328
-1006
-1556
-1880
-1910
-1702
-1435
-1239
-1160
-1184
-1224
-1160
-861
-337
244
769
1202
1529
1736
1827
1886
1979
2085
2206
2332
2425
2477
2490
2494
2480
2431
2432
2502
2583
2677
2801
2897
2870
2746
2612
2102
635
-1564
-3506
-4392
-4285
-3730
-3056
-2702
-3219
-4401
-5341
-5399
-4765
-3809
-2379
-516
1092
1949
2160
2037
1675
1290
1504
2550
3801
4523
4476
3802
2653
1217
-48
-806
-1160
-1302
-1317
-1258
-1332
-1828
-2688
-3578
-4181
-4267
-3798
-2880
-1773
-858
-306
-38
81
167
294
607
1226
2048
2871
3497
3721
3435
2704
1823
1140
763
636
629
560
305
-187
-865
-1601
-2310
-2853
-3058
-2867
-2357
-1740
-1241
-966
-925
-976
-918
-638
-137
419
839
1063
1087
960
728
421
145
-34
-106
-82
-65
-149
-385
-764
-1135
-1395
-1530
-1544
-1489
-1395
-1291
-1203
-1080
-891
-672
-423
-117
262
680
1052
1365
1644
1857
1995
2083
2133
2118
1981
1756
1557
1422
1345
1288
1222
1159
1109
1116
1221
1405
1670
2006
2347
2682
2977
3138
3146
3108
3192
3071
2010
-7
-2110
-3400
-3701
-3455
-2930
-2484
-2791
-3869
-4950
-5299
-4917
-4215
-3103
-1469
144
1207
1687
1820
1699
1377
1358
2070
3188
4084
4361
3987
3089
1801
508
-420
-946
-1175
-1260
-1297
-1376
-1718
-2368
-3167
-3850
-4091
-3810
-3078
-2056
-1068
-350
37
186
308
495
812
1347
2041
2761
3337
3581
3408
2828
2014
1237
681
416
353
284
41
-434
-1065
-1746
-2401
-2873
-3018
-2826
-2377
-1827
-1301
-917
-767
-749
-669
-408
61
669
1312
1812
1908
1492
724
-97
-675
-851
-658
-284
-49
-195
-702
-1373
-1947
-2226
-2151
-1760
-1231
-802
-642
-770
-1045
-1270
-1271
-940
-308
465
1129
1512
1595
1484
1350
1332
1495
1810
2132
2299
2203
1854
1373
881
518
398
520
779
1037
1235
1381
1477
1619
1903
2289
2732
3151
3451
3628
3734
3891
3738
2465
70
-2442
-3958
-4211
-3777
-3055
-2486
-2830
-4145
-5604
-6237
-5869
-4990
-3626
-1737
107
1346
1869
1945
1753
1359
1307
2061
3350
4544
5069
4738
3650
2019
394
-751
-1350
-1493
-1448
-1419
-1537
-1977
-2689
-3547
-4328
-4652
-4372
-3500
-2235
-969
-2
471
519
462
532
879
1522
2315
3108
3693
3897
3643
2943
1995
1051
312
-57
-89
-11
-108
-546
-1247
-2057
-2806
-3271
-3325
-2986
-2409
-1771
-1169
-731
-519
-456
-415
-221
207
838
1563
2101
2229
1891
1178
376
-255
-594
-662
-656
-720
-933
-1323
-1784
-2190
-2417
-2403
-2185
-1804
-1368
-1032
-857
-815
-779
-642
-368
76
604
1084
1420
1580
1653
1694
1720
1780
1846
1896
1886
1764
1566
1287
957
649
391
256
237
288
415
594
853
1186
1544
1984
2459
2884
3285
3619
3859
4004
4147
4339
3921
2199
-452
-2872
-4080
-4144
-3651
-2909
-2574
-3308
-4886
-6325
-6678
-6009
-4789
-3078
-1145
467
1426
1787
1884
1794
1646
1938
2846
4086
5127
5432
4851
3467
1683
146
-856
-1285
-1316
-1322
-1507
-1983
-2670
-3359
-4033
-4518
-4589
-4181
-3274
-2087
-873
121
633
757
754
890
1359
2083
2904
3633
4048
4069
3665
2929
2069
1213
514
86
-91
-151
-350
-824
-1513
-2322
-3049
-3484
-3494
-3081
-2464
-1856
-1347
-992
-743
-555
-346
2
488
1057
1596
1962
2056
1793
1222
548
-29
-390
-568
-661
-772
-1004
-1368
-1748
-2026
-2142
-2112
-1969
-1732
-1473
-1243
-1043
-861
-669
-459
-186
185
605
1013
1337
1562
1722
1822
1910
1992
2032
2001
1856
1629
1364
1077
811
571
370
235
159
179
314
547
862
1206
1581
2034
2512
3008
3493
3849
4035
4105
4213
4143
3169
1088
-1409
-3294
-4054
-3973
-3385
-2737
-2805
-3925
-5564
-6669
-6617
-5645
-4084
-2234
-575
543
1080
1324
1523
1653
1861
2357
3156
4125
4881
5042
4409
3028
1381
-30
-917
-1185
-1109
-1080
-1394
-2106
-2913
-3590
-4063
-4253
-4173
-3790
-3111
-2212
-1152
-173
479
743
747
822
1214
1926
2808
3561
3942
3852
3331
2631
1955
1362
847
371
-30
-366
-719
-1111
-1599
-2207
-2846
-3350
-3496
-3233
-2712
-2116
-1615
-1259
-994
-738
-385
70
556
1023
1429
1767
1989
1991
1731
1214
549
-96
-587
-843
-936
-1027
-1216
-1538
-1901
-2187
-2326
-2262
-2048
-1771
-1486
-1222
-956
-694
-437
-178
91
394
743
1136
1538
1867
2063
2113
2055
1965
1892
1831
1747
1594
1351
1055
752
492
280
118
30
41
170
417
770
1176
1590
2011
2440
2901
3385
3787
4041
4174
4277
4163
3275
1416
-886
-2781
-3767
-3933
-3507
-2870
-2721
-3510
-4949
-6168
-6469
-5819
-4465
-2761
-1188
-84
513
875
1269
1707
2165
2623
3062
3563
4098
4486
4456
3811
2684
1357
145
-634
-925
-956
-1100
-1597
-2317
-3037
-3579
-3826
-3815
-3617
-3328
-2956
-2379
-1569
-644
178
703
952
1091
1320
1786
2441
3101
3517
3527
3198
2712
2227
1803
1372
872
289
-315
-807
-1142
-1387
-1658
-2045
-2506
-2920
-3134
-3026
-2627
-2071
-1529
-1124
-844
-607
-326
21
354
596
735
822
939
1085
1187
1144
879
437
-39
-396
-549
-549
-534
-641
-920
-1288
-1608
-1781
-1781
-1650
-1442
-1212
-971
-691
-352
20
361
645
895
1150
1441
1763
2062
2262
2295
2167
1964
1775
1645
1542
1407
1216
992
804
724
791
985
1225
1464
1687
1896
2145
2453
2774
3039
3227
3369
3230
2389
780
-1148
-2730
-3601
-3765
-3314
-2604
-2258
-2689
-3735
-4731
-5124
-4779
-3788
-2449
-1171
-247
275
619
977
1386
1812
2142
2323
2461
2663
2945
3119
2977
2482
1673
718
-116
-633
-815
-908
-1160
-1595
-2126
-2593
-2874
-2934
-2807
-2625
-2471
-2295
-1996
-1493
-840
-185
339
661
837
1003
1264
1655
2079
2384
2478
2349
2093
1814
1559
1316
1004
583
88
-403
-796
-1058
-1229
-1386
-1612
-1911
-2208
-2396
-2388
-2184
-1861
-1542
-1323
-1215
-1153
-1039
-805
-465
-89
234
449
570
623
648
666
664
613
482
284
64
-150
-353
-546
-744
-939
-1117
-1230
-1234
-1133
-964
-776
-587
-396
-193
57
354
666
938
1133
1268
1372
1470
1583
1702
1790
1803
1732
1621
1508
1423
1385
1403
1468
1566
1693
1857
2034
2199
2362
2507
2609
2681
2765
2757
2314
1207
-395
-2006
-3183
-3754
-3701
-3184
-2636
-2518
-2974
-3683
-4171
-4175
-3669
-2811
-1877
-1106
-576
-173
280
847
1483
2037
2336
2370
2289
2273
2362
2436
2387
2138
1660
1040
452
56
-161
-371
-707
-1195
-1748
-2226
-2514
-2554
-2408
-2219
-2077
-1997
-1905
-1702
-1346
-879
-415
-47
234
490
782
1134
1515
1857
2061
2081
1977
1843
1745
1662
1517
1261
886
436
0
-350
-578
-732
-908
-1167
-1496
-1809
-2020
-2087
-2025
-1925
-1877
-1908
-1960
-1914
-1696
-1311
-828
-352
34
302
490
663
856
1034
1132
1095
929
684
435
235
88
-47
-215
-418
-605
-714
-712
-622
-499
-397
-333
-268
-151
47
300
547
726
812
837
879
1002
1205
1425
1589
1663
1657
1629
1640
1722
1851
1984
2097
2183
2244
2310
2419
2556
2675
2747
2752
2561
1954
858
-524
-1835
-2806
-3327
-3376
-3078
-2740
-2667
-2935
-3338
-3595
-3548
-3179
-2600
-1990
-1478
-1081
-698
-212
416
1126
1744
2105
2188
2122
2058
2046
2054
2041
1939
1693
1325
938
644
434
200
-139
-613
-1158
-1672
-2052
-2227
-2218
-2103
-1977
-1899
-1838
-1732
-1530
-1240
-931
-639
-371
-108
179
517
907
1300
1599
1752
1774
1730
1684
1641
1579
1460
1249
945
589
256
9
-171
-342
-564
-860
-1208
-1577
-1920
-2198
-2383
-2460
-2435
-2316
-2103
-1806
-1451
-1080
-725
-379
-39
289
576
800
948
997
952
849
744
665
597
505
363
169
-49
-240
-363
-405
-374
-309
-257
-243
-246
-229
-173
-88
12
116
225
341
483
668
890
1108
1289
1421
1517
1598
1685
1788
1909
2036
2157
2249
2309
2372
2460
2565
2660
2712
2639
2265
1458
296
-952
-2000
-2689
-2972
-2903
-2680
-2557
-2678
-2964
-3212
-3269
-3094
-2742
-2325
-1946
-1631
-1323
-917
-354
339
1028
1533
1770
1796
1744
1710
1712
1734
1729
1636
1428
1160
933
786
653
438
86
-381
-893
-1353
-1671
-1804
-1794
-1726
-1679
-1668
-1650
-1572
-1411
-1195
-971
-766
-585
-403
-181
114
482
854
1151
1331
1415
1451
1471
1473
1442
1355
1186
940
667
439
284
170
37
-177
-501
-922
-1385
-1792
-2069
-2191
-2179
-2080
-1926
-1738
-1516
-1256
-960
-636
-306
-7
241
427
559
647
701
730
751
769
776
748
669
535
364
188
47
-34
-45
-5
45
67
44
-9
-61
-86
-71
-7
95
220
348
482
628
790
966
1147
1325
1488
1624
1738
1836
1935
2050
2174
2293
2402
2510
2613
2701
2763
2738
2472
1815
779
-427
-1526
-2324
-2734
-2769
-2581
-2420
-2471
-2719
-2978
-3080
-2970
-2693
-2350
-2034
-1778
-1529
-1177
-639
69
810
1392
1705
1776
1726
1671
1657
1681
1701
1654
1497
1265
1054
925
835
679
382
-52
-567
-1068
-1457
-1668
-1718
-1680
-1637
-1620
-1598
-1524
-1379
-1186
-989
-819
-681
-549
-379
-129
215
599
937
1169
1290
1341
1359
1359
1341
1283
1160
959
709
470
284
153
31
-126
-342
-640
-1019
-1454
-1878
-2208
-2384
-2385
-2218
-1915
-1537
-1155
-822
-547
-295
-46
187
376
497
549
547
520
513
553
628
681
659
551
387
217
80
13
21
78
144
179
173
138
96
59
38
35
60
112
192
300
448
644
874
1111
1333
1529
1706
1862
1993
2093
2187
2305
2471
2670
2867
3032
3079
2846
2177
1096
-173
-1344
-2221
-2726
-2871
-2779
-2677
-2745
-2983
-3217
-3289
-3166
-2915
-2624
-2360
-2136
-1894
-1522
-939
-162
662
1332
1719
1840
1815
1754
1715
1707
1708
1672
1547
1348
1157
1037
951
797
499
54
-484
-1029
-1482
-1768
-1881
-1874
-1836
-1814
-1794
-1735
-1606
-1427
-1234
-1047
-866
-679
-462
-180
184
592
973
1259
1438
1534
1565
1544
1474
1359
1194
983
744
517
339
195
28
-220
-577
-1008
-1452
-1832
-2091
-2206
-2194
-2102
-1960
-1770
-1520
-1199
-833
-466
-146
90
247
346
423
499
574
633
652
627
578
517
450
377
293
207
130
86
93
149
223
271
261
193
103
39
32
88
184
290
388
486
612
791
1021
1264
1477
1641
1778
1915
2073
2250
2448
2669
2890
3072
3202
3260
3144
2663
1712
416
-933
-2054
-2794
-3100
-3048
-2857
-2803
-2999
-3318
-3532
-3505
-3259
-2897
-2530
-2223
-1957
-1628
-1102
-330
590
1436
2000
2218
2188
2068
1972
1935
1948
1952
1860
1642
1366
1139
980
801
497
31
-551
-1157
-1678
-2022
-2153
-2120
-2036
-1984
-1960
-1901
-1757
-1537
-1288
-1046
-826
-621
-396
-97
310
798
1264
1607
1788
1841
1819
1752
1651
1517
1340
1102
812
515
264
60
-166
-478
-894
-1366
-1816
-2164
-2357
-2385
-2291
-2136
-1952
-1723
-1413
-1007
-551
-124
204
416
530
589
649
735
827
862
802
664
503
363
259
179
108
26
-66
-142
-161
-101
8
107
146
124
92
94
149
247
366
481
580
675
818
1043
1329
1599
1787
1896
1982
2091
2236
2425
2672
2956
3210
3391
3492
3456
3082
2162
738
-858
-2240
-3174
-3591
-3546
-3265
-3094
-3261
-3679
-4037
-4078
-3776
-3272
-2744
-2314
-1997
-1681
-1189
-394
647
1685
2416
2690
2595
2361
2174
2098
2111
2129
2047
1799
1437
1104
875
666
325
-222
-915
-1619
-2201
-2555
-2643
-2528
-2361
-2263
-2237
-2190
-2034
-1758
-1420
-1091
-802
-544
-272
72
536
1099
1652
2053
2230
2228
2138
2012
1852
1653
1411
1110
743
357
24
-239
-519
-930
-1503
-2151
-2719
-3071
-3143
-2952
-2591
-2188
-1831
-1515
-1158
-693
-157
345
712
912
980
987
1012
1097
1205
1233
1106
836
518
245
63
-49
-140
-247
-371
-466
-473
-371
-217
-95
-72
-144
-223
-202
-32
261
591
866
1049
1173
1323
1574
1917
2258
2510
2651
2723
2777
2875
3082
3387
3681
3862
3900
3739
3170
1976
234
-1649
-3212
-4201
-4550
-4334
-3839
-3501
-3620
-4097
-4528
-4575
-4163
-3437
-2616
-1890
-1333
-855
-259
605
1695
2750
3434
3577
3290
2861
2519
2328
2252
2203
2052
1709
1214
730
356
-1
-500
-1186
-1951
-2628
-3080
-3229
-3083
-2762
-2451
-2267
-2180
-2059
-1791
-1374
-901
-464
-97
232
589
1028
1564
2129
2580
2776
2693
2441
2157
1900
1653
1380
1060
674
232
-207
-587
-937
-1374
-1964
-2630
-3182
-3451
-3385
-3031
-2514
-1990
-1581
-1289
-987
-545
47
659
1123
1363
1413
1367
1326
1348
1414
1422
1255
892
437
41
-214
-346
-429
-521
-631
-733
-775
-731
-611
-480
-407
-405
-404
-287
0
409
830
1176
1414
1564
1705
1930
2261
2620
2909
3098
3222
3319
3432
3621
3885
4130
4262
4278
4114
3475
2042
-106
-2408
-4233
-5253
-5439
-4952
-4201
-3766
-4012
-4734
-5333
-5332
-4654
-3532
-2300
-1241
-477
105
750
1636
2706
3666
4160
4036
3500
2925
2545
2343
2189
1972
1591
989
266
-369
-820
-1225
-1781
-2497
-3177
-3607
-3678
-3399
-2879
-2314
-1891
-1682
-1573
-1354
-909
-298
317
806
1157
1441
1736
2073
2424
2688
2729
2474
2001
1491
1091
803
529
185
-253
-747
-1237
-1643
-1923
-2136
-2426
-2850
-3264
-3421
-3169
-2550
-1732
-918
-289
71
236
405
726
1169
1563
1742
1662
1409
1106
840
627
425
161
-219
-678
-1080
-1304
-1332
-1258
-1184
-1145
-1104
-1003
-807
-534
-241
3
166
295
488
831
1303
1782
2137
2302
2302
2221
2162
2198
2312
2431
2521
2592
2672
2785
2981
3263
3509
3596
3551
3400
2878
1563
-568
-2912
-4708
-5578
-5537
-4760
-3653
-2875
-2931
-3663
-4353
-4375
-3611
-2323
-878
394
1286
1818
2228
2739
3349
3802
3785
3194
2262
1372
752
346
-2
-392
-874
-1478
-2124
-2610
-2837
-2951
-3159
-3435
-3522
-3216
-2529
-1611
-643
179
682
859
922
1126
1548
2041
2400
2524
2462
2314
2139
1933
1657
1267
733
81
-557
-1001
-1186
-1230
-1309
-1486
-1708
-1921
-2108
-2227
-2205
-2025
-1753
-1440
-1059
-581
-71
350
624
781
884
967
1041
1098
1107
1006
752
377
-14
-329
-572
-803
-1060
-1311
-1514
-1645
-1677
-1576
-1344
-1050
-776
-534
-294
-43
216
490
787
1106
1419
1690
1885
1989
2008
1965
1889
1821
1810
1878
1975
2018
2007
2023
2112
2247
2440
2749
3119
3377
3469
3501
3374
2582
757
-1718
-3896
-5080
-5196
-4484
-3287
-2195
-1869
-2455
-3320
-3621
-3037
-1844
-477
739
1618
2116
2383
2641
2944
3107
2851
2082
1038
123
-434
-741
-1056
-1503
-2050
-2623
-3128
-3409
-3360
-3110
-2906
-2809
-2597
-2033
-1141
-145
745
1402
1766
1874
1896
2026
2298
2544
2564
2314
1914
1506
1136
755
301
-242
-827
-1365
-1723
-1804
-1638
-1399
-1281
-1347
-1482
-1549
-1483
-1286
-970
-562
-144
195
437
618
724
707
563
391
296
297
330
322
235
24
-328
-756
-1121
-1319
-1366
-1344
-1315
-1290
-1257
-1213
-1139
-997
-764
-464
-149
143
394
597
744
859
988
1163
1365
1533
1611
1569
1437
1281
1168
1145
1228
1396
1579
1712
1814
1965
2185
2448
2776
3192
3581
3780
3805
3751
3384
2140
-146
-2753
-4613
-5222
-4797
-3777
-2620
-1930
-2186
-3154
-3934
-3774
-2685
-1172
307
1503
2273
2606
2674
2677
2619
2335
1728
911
157
-341
-655
-1030
-1632
-2368
-3027
-3477
-3671
-3579
-3253
-2869
-2569
-2251
-1680
-803
151
913
1404
1689
1840
1935
2078
2296
2458
2384
2043
1575
1123
713
299
-145
-608
-1039
-1361
-1503
-1453
-1296
-1145
-1073
-1089
-1150
-1197
-1176
-1043
-758
-320
188
605
804
764
550
258
8
-91
-15
129
191
89
-146
-442
-739
-995
-1169
-1242
-1226
-1148
-1039
-923
-828
-766
-721
-628
-426
-115
238
541
743
838
867
912
1039
1241
1428
1508
1450
1299
1132
1030
1063
1255
1532
1777
1941
2079
2239
2447
2746
3169
3612
3885
3946
3882
3520
2348
138
-2471
-4379
-4979
-4482
-3437
-2362
-1798
-2148
-3173
-3983
-3805
-2625
-973
641
1924
2691
2889
2710
2436
2170
1839
1380
840
317
-161
-686
-1373
-2214
-3024
-3573
-3779
-3701
-3426
-3021
-2586
-2181
-1713
-1033
-161
681
1300
1703
1984
2193
2334
2425
2464
2375
2084
1629
1121
634
160
-313
-756
-1120
-1373
-1494
-1484
-1372
-1220
-1086
-997
-932
-850
-707
-496
-245
29
322
585
720
669
480
264
94
-6
-29
-4
-10
-128
-345
-576
-752
-863
-929
-962
-966
-954
-932
-893
-832
-753
-665
-557
-392
-150
142
423
641
781
853
898
958
1071
1231
1374
1426
1369
1254
1154
1117
1166
1309
1503
1676
1798
1922
2104
2342
2651
3062
3509
3796
3836
3721
3370
2302
206
-2366
-4258
-4779
-4188
-3151
-2191
-1737
-2130
-3171
-4009
-3848
-2663
-1011
608
1935
2747
2905
2554
2051
1627
1290
1006
775
540
160
-482
-1387
-2401
-3268
-3770
-3861
-3655
-3298
-2875
-2445
-2038
-1588
-995
-257
495
1145
1686
2138
2453
2586
2569
2460
2254
1923
1496
1040
572
76
-423
-849
-1161
-1383
-1523
-1558
-1492
-1361
-1191
-969
-732
-578
-557
-594
-564
-390
-83
276
556
615
422
87
-216
-371
-347
-202
-46
-4
-133
-395
-702
-965
-1122
-1147
-1049
-880
-717
-614
-593
-631
-666
-618
-437
-129
237
573
800
887
859
785
757
839
1018
1212
1327
1312
1196
1061
1000
1073
1286
1580
1852
2044
2170
2286
2422
2611
2927
3364
3736
3860
3746
3392
2457
563
-1951
-4008
-4760
-4313
-3368
-2490
-2018
-2228
-3072
-3885
-3878
-2881
-1345
260
1686
2679
2961
2574
1909
1347
1006
856
823
744
391
-351
-1373
-2428
-3273
-3738
-3795
-3548
-3136
-2650
-2157
-1725
-1347
-924
-369
290
974
1624
2184
2543
2638
2529
2326
2076
1765
1402
1026
642
232
-191
-583
-924
-1214
-1429
-1509
-1439
-1272
-1076
-868
-643
-461
-429
-572
-757
-781
-529
-67
396
645
565
206
-236
-540
-580
-383
-103
73
29
-234
-622
-1006
-1277
-1362
-1250
-1004
-735
-549
-489
-527
-587
-560
-364
5
458
853
1085
1130
1032
885
805
863
1049
1267
1402
1398
1290
1162
1103
1178
1406
1720
1999
2182
2303
2417
2557
2790
3174
3604
3857
3841
3610
2999
1601
-590
-2781
-3992
-3978
-3279
-2513
-2034
-2106
-2797
-3683
-4033
-3476
-2224
-667
899
2135
2666
2427
1771
1141
767
701
871
1026
837
169
-834
-1914
-2852
-3470
-3662
-3483
-3091
-2624
-2165
-1791
-1526
-1261
-837
-192
597
1387
2038
2439
2561
2482
2314
2106
1851
1562
1264
947
599
209
-207
-628
-1011
-1290
-1411
-1374
-1232
-1056
-894
-756
-614
-468
-368
-402
-571
-719
-656
-341
65
337
345
108
-245
-541
-648
-541
-315
-116
-67
-222
-549
-947
-1289
-1451
-1370
-1086
-750
-534
-500
-582
-673
-669
-494
-125
349
776
1041
1123
1051
896
780
813
1000
1227
1378
1397
1290
1127
1019
1051
1242
1541
1857
2095
2219
2267
2317
2422
2648
3020
3409
3584
3468
3150
2512
1195
-778
-2649
-3618
-3620
-3143
-2549
-2076
-2107
-2780
-3553
-3692
-3108
-2173
-997
441
1689
2113
1762
1262
934
642
432
544
779
587
-138
-970
-1671
-2399
-3116
-3422
-3196
-2801
-2485
-2115
-1644
-1305
-1158
-874
-247
493
1093
1606
2103
2400
2362
2167
2017
1838
1520
1183
970
779
440
11
-356
-665
-982
-1215
-1241
-1122
-1005
-890
-727
-625
-734
-966
-1061
-911
-607
-245
122
345
258
-71
-385
-518
-503
-395
-207
-49
-99
-388
-749
-1032
-1220
-1301
-1209
-978
-774
-711
-738
-772
-790
-764
-596
-257
139
445
635
743
772
736
737
871
1098
1300
1411
1434
1371
1247
1158
1196
1353
1549
1729
1879
1977
2016
2057
2164
2367
2657
2970
3185
3214
3065
2705
1962
749
-654
-1768
-2323
-2354
-2025
-1579
-1415
-1784
-2455
-2933
-2978
-2659
-2011
-1051
-51
594
792
724
497
138
-153
-136
86
192
90
-95
-352
-795
-1352
-1794
-2041
-2161
-2119
-1817
-1380
-1069
-922
-786
-605
-445
-277
16
420
798
1110
1400
1609
1616
1449
1263
1124
991
862
800
774
691
524
328
126
-104
-328
-455
-463
-418
-375
-350
-362
-446
-569
-640
-597
-461
-295
-147
-55
-59
-140
-222
-256
-259
-275
-303
-318
-335
-377
-442
-504
-561
-617
-647
-624
-575
-553
-557
-540
-489
-423
-358
-289
-224
-178
-145
-99
-26
55
132
218
321
415
487
548
621
704
787
872
954
1009
1025
1028
1047
1089
1137
1193
1255
1308
1346
1382
1423
1461
1476
1451
1367
1214
1005
803
665
603
578
534
416
199
-71
-320
-500
-624
-724
-810
-876
-915
-929
-941
-993
-1107
-1251
-1358
-1383
-1324
-1209
-1080
-987
-952
-960
-989
-1019
-1029
-991
-885
-740
-606
-513
-454
-421
-396
-359
-301
-234
-176
-115
-36
56
137
192
228
250
266
289
335
383
413
431
446
465
487
505
510
479
398
295
206
146
117
113
107
63
-33
-143
-215
-240
-239
-229
-224
-233
-259
-286
-294
-290
-294
-313
-326
-327
-325
-325
-324
-316
-308
-309
-314
-314
-312
-307
-290
-257
-213
-171
-136
-98
-59
-22
13
56
112
185
286
404
518
605
666
716
771
842
938
1050
1153
1235
1306
1373
1434
1484
1515
1484
1346
1125
911
785
758
782
780
666
401
64
-197
-320
-354
-379
-427
-504
-614
-717
-764
-779
-835
-938
-1018
-1032
-1009
-977
-929
-881
-869
-887
-893
-879
-875
-870
-821
-730
-649
-602
-565
-517
-469
-417
-354
-301
-288
-291
-262
-180
-80
3
66
105
118
123
149
202
255
304
361
420
461
476
479
474
447
399
340
287
239
212
210
210
166
54
-79
-182
-226
-212
-165
-120
-114
-158
-215
-251
-267
-277
-273
-251
-217
-186
-164
-154
-162
-183
-194
-182
-159
-146
-136
-126
-117
-115
-113
-107
-101
-90
-67
-30
5
37
84
156
245
342
433
510
570
629
703
790
880
969
1062
1158
1247
1324
1385
1432
1467
1477
1428
1287
1073
868
750
732
756
728
570
278
-49
-283
-381
-399
-421
-475
-556
-640
-699
-727
-762
-841
-939
-989
-970
-917
-863
-816
-785
-781
-793
-807
-829
-854
-852
-790
-686
-599
-547
-514
-477
-432
-378
-324
-289
-281
-263
-197
-93
2
63
94
106
114
131
166
207
241
279
331
388
426
437
425
393
345
291
249
227
217
208
183
126
33
-76
-165
-213
-231
-230
-228
-236
-252
-271
-280
-282
-286
-288
-283
-265
-240
-211
-179
-150
-136
-137
-148
-163
-185
-206
-214
-211
-203
-193
-181
-170
-169
-177
-173
-151
-107
-41
45
140
226
299
366
428
495
570
653
740
825
909
991
1062
1113
1150
1189
1242
1311
1369
1359
1233
1007
774
629
606
651
667
553
293
-26
-280
-411
-452
-474
-516
-584
-663
-729
-775
-828
-914
-1003
-1044
-1017
-961
-906
-859
-824
-810
-810
-817
-834
-855
-848
-780
-672
-579
-528
-508
-489
-463
-427
-389
-362
-345
-309
-226
-116
-20
32
46
48
52
74
116
166
216
268
327
378
402
400
387
371
348
313
269
223
190
177
178
165
105
6
-99
-177
-218
-225
-211
-198
-197
-208
-222
-240
-259
-279
-284
-269
-238
-197
-156
-123
-105
-112
-136
-168
-192
-201
-188
-157
-127
-114
-124
-146
-166
-170
-144
-93
-27
40
104
165
223
284
352
427
503
578
656
735
806
873
943
1018
1085
1139
1183
1224
1271
1336
1405
1416
1309
1086
836
663
620
675
722
644
398
61
-222
-369
-406
-407
-432
-502
-605
-699
-763
-817
-892
-974
-1018
-1006
-966
-925
-882
-838
-806
-794
-800
-821
-846
-830
-742
-609
-497
-446
-439
-444
-435
-404
-356
-311
-278
-231
-151
-52
28
67
79
85
97
125
176
236
297
354
409
446
449
426
399
379
361
334
298
257
220
195
179
154
95
7
-86
-154
-190
-196
-182
-165
-158
-164
-181
-204
-226
-239
-230
-201
-162
-126
-101
-86
-86
-102
-131
-163
-195
-213
-205
-179
-158
-156
-175
-202
-218
-215
-187
-140
-86
-27
40
109
176
235
297
365
438
510
572
624
677
743
818
892
944
980
1005
1030
1060
1100
1150
1208
1274
1321
1292
1138
885
633
487
485
574
631
529
248
-103
-380
-514
-537
-527
-545
-613
-710
-796
-855
-918
-1001
-1073
-1092
-1063
-1010
-957
-908
-871
-842
-819
-803
-803
-804
-766
-676
-571
-502
-481
-487
-488
-464
-412
-358
-322
-299
-259
-184
-96
-25
19
45
66
98
143
198
245
287
330
375
409
416
402
377
342
295
247
199
159
128
105
81
37
-35
-115
-183
-228
-245
-235
-204
-171
-156
-159
-178
-203
-223
-228
-212
-187
-162
-142
-125
-120
-134
-167
-208
-244
-256
-240
-205
-172
-156
-159
-172
-183
-180
-155
-111
-53
8
65
116
159
197
241
298
365
437
503
559
606
643
685
738
800
858
905
940
973
1002
1031
1057
1081
1110
1149
1194
1201
1119
931
694
503
421
447
505
483
310
27
-251
-428
-495
-503
-514
-562
-643
-724
-781
-827
-889
-958
-996
-986
-942
-899
-864
-837
-816
-796
-780
-780
-796
-797
-747
-651
-559
-505
-488
-483
-465
-416
-350
-289
-247
-206
-139
-52
26
78
107
127
153
189
235
278
316
350
387
413
414
389
357
336
321
299
261
208
152
112
98
96
81
37
-30
-92
-132
-140
-118
-80
-53
-49
-67
-101
-133
-161
-172
-163
-144
-125
-109
-104
-113
-142
-181
-213
-230
-225
-197
-156
-121
-101
-93
-89
-86
-74
-47
-4
49
103
152
192
221
251
287
337
391
444
488
524
557
591
631
682
739
794
839
874
904
933
965
998
1028
1048
1067
1095
1128
1127
1045
873
662
498
439
479
535
498
317
39
-223
-384
-437
-435
-442
-490
-575
-663
-732
-792
-862
-926
-963
-963
-940
-914
-887
-862
-844
-833
-835
-851
-868
-854
-787
-685
-594
-543
-524
-517
-495
-445
-384
-326
-278
-225
-155
-70
1
47
71
85
106
140
182
226
265
301
332
350
344
319
287
263
245
229
212
190
166
142
120
94
55
5
-42
-73
-89
-94
-94
-96
-105
-123
-142
-160
-179
-194
-199
-196
-190
-189
-191
-194
-200
-209
-223
-241
-257
-264
-256
-235
-213
-203
-203
-208
-213
-206
-182
-143
-98
-50
-4
43
83
118
154
195
246
300
354
408
452
493
532
572
611
648
681
713
742
770
801
842
883
917
932
932
931
946
976
998
966
859
700
550
459
439
446
414
288
81
-145
-327
-438
-496
-537
-582
-644
-723
-805
-883
-960
-1020
-1051
-1045
-1019
-988
-963
-938
-914
-894
-881
-877
-871
-849
-790
-703
-614
-549
-512
-488
-458
-412
-352
-284
-216
-146
-72
-3
53
91
117
143
177
216
255
290
319
342
356
359
350
336
326
326
332
328
303
263
218
181
153
131
109
78
37
-5
-46
-84
-115
-135
-140
-141
-143
-151
-164
-177
-187
-187
-183
-178
-172
-165
-157
-157
-168
-192
-217
-235
-238
-228
-214
-203
-198
-197
-194
-185
-170
-145
-110
-66
-16
36
80
119
152
190
234
287
341
392
439
480
520
560
605
650
694
736
778
821
864
901
927
943
950
958
966
973
974
970
960
936
879
776
637
498
396
353
347
322
237
82
-102
-262
-363
-416
-448
-490
-553
-624
-691
-753
-812
-869
-915
-941
-943
-930
-912
-896
-881
-863
-849
-833
-819
-793
-748
-683
-611
-548
-504
-470
-436
-389
-333
-276
-223
-171
-114
-50
16
73
118
150
178
208
241
279
317
352
378
391
390
378
364
353
345
336
316
286
250
217
191
169
147
120
86
52
20
-7
-29
-46
-60
-73
-89
-110
-138
-169
-199
-224
-244
-261
-273
-282
-291
-304
-323
-347
-367
-378
-376
-361
-342
-325
-313
-306
-301
-291
-274
-248
-213
-171
-124
-76
-31
11
52
97
148
202
258
310
361
408
452
489
525
556
584
609
635
662
686
713
737
757
771
778
785
793
802
809
808
803
798
793
781
742
661
537
401
290
229
209
193
130
5
-164
-335
-462
-535
-571
-597
-634
-691
-760
-830
-891
-939
-969
-982
-979
-966
-948
-931
-914
-893
-871
-850
-824
-790
-742
-676
-600
-529
-472
-425
-383
-333
-277
-216
-157
-104
-52
-1
50
97
138
173
205
234
261
285
309
332
357
382
402
409
403
386
368
352
339
324
301
271
238
204
171
138
100
54
7
-35
-66
-86
-98
-111
-132
-163
-198
-232
-259
-280
-292
-300
-307
-317
-329
-343
-360
-374
-383
-384
-376
-358
-333
-307
-280
-260
-245
-229
-210
-181
-142
-98
-52
-11
26
60
97
137
182
229
276
325
370
417
463
506
547
582
616
644
668
688
703
715
725
735
742
747
746
739
729
718
706
693
676
653
627
599
577
552
516
461
383
290
202
134
86
44
-5
-76
-166
-263
-349
-416
-465
-500
-532
-564
-597
-629
-660
-687
-709
-723
-731
-729
-718
-704
-685
-664
-643
-622
-599
-570
-535
-492
-443
-389
-337
-285
-236
-188
-141
-96
-52
-8
36
80
123
161
194
223
245
267
286
303
320
333
345
353
356
355
351
340
329
312
291
265
238
208
178
147
113
76
35
-6
-42
-74
-102
-128
-156
-184
-211
-232
-249
-260
-272
-288
-305
-321
-333
-336
-334
-331
-329
-331
-335
-336
-330
-319
-301
-278
-255
-233
-210
-186
-159
-130
-97
-63
-29
6
42
76
108
140
171
201
233
263
290
319
343
366
388
408
426
445
461
474
484
492
496
498
498
496
493
488
485
481
476
472
466
458
449
437
424
408
396
385
371
352
325
284
234
182
129
80
35
-12
-61
-116
-173
-231
-287
-337
-383
-424
-455
-483
-506
-527
-549
-571
-589
-604
-611
-610
-606
-596
-583
-567
-547
-524
-498
-470
-438
-403
-367
-331
-293
-255
-216
-178
-142
-107
-77
-48
-22
4
30
55
79
103
122
140
154
166
175
185
195
201
204
203
197
189
179
166
153
135
116
96
76
56
34
11
-14
-38
-61
-83
-102
-117
-133
-147
-160
-173
-182
-189
-197
-205
-211
-217
-220
-220
-216
-210
-203
-198
-195
-190
-186
-178
-165
-152
-137
-122
-107
-92
-80
-66
-50
-32
-15
4
23
44
65
86
107
129
149
170
191
213
232
251
270
287
302
315
327
335
343
350
356
361
364
365
365
365
365
366
366
366
366
365
364
365
364
362
359
353
346
339
332
323
311
295
274
249
220
193
166
139
111
82
50
15
-22
-59
-95
-128
-158
-185
-212
-240
-267
-295
-320
-341
-357
-368
-376
-382
-385
-388
-388
-386
-379
-369
-356
-342
-326
-311
-294
-278
-260
-243
-224
-207
-189
-170
-149
-129
-105
-84
-65
-45
-25
-5
13
30
47
64
77
90
100
106
107
105
102
99
99
99
100
97
90
77
63
48
37
29
24
18
9
-3
-18
-37
-53
-67
-76
-83
-88
-94
-101
-111
-121
-129
-135
-138
-138
-136
-135
-135
-137
-138
-140
-141
-141
-139
-135
-133
-128
-123
-120
-112
-104
-95
-84
-71
-57
-41
-26
-9
8
26
44
63
80
98
114
130
145
161
177
193
208
223
235
247
258
267
278
289
299
308
317
322
327
330
329
330
333
332
329
326
319
311
301
291
281
269
257
243
230
214
196
177
155
133
109
86
61
38
11
-15
-43
-74
-102
-131
-157
-183
-206
-228
-249
-268
-284
-298
-311
-322
-330
-337
-340
-342
-343
-340
-336
-331
-326
-320
-311
-301
-291
-279
-266
-251
-236
-219
-203
-185
-168
-150
-133
-115
-97
-79
-61
-45
-30
-16
-1
11
22
33
41
47
51
52
54
54
53
53
49
43
36
26
15
4
-7
-17
-29
-40
-51
-62
-74
-85
-98
-108
-115
-121
-125
-129
-133
-135
-139
-141
-142
-142
-141
-140
-137
-134
-133
-132
-129
-126
-121
-116
-108
-100
-91
-81
-70
-58
-46
-33
-17
-1
16
33
50
67
83
99
112
126
140
154
167
180
189
199
208
215
223
229
236
242
246
251
253
255
257
257
258
258
258
255
253
249
244
238
232
224
217
210
202
194
185
175
165
153
142
130
119
109
99
90
81
69
59
46
34
23
15
7
-1
-6
-13
-23
-31
-39
-47
-52
-56
-59
-62
-67
-71
-77
-81
-87
-90
-93
-95
-98
-101
-104
-106
-109
-113
-115
-116
-119
-118
-117
-118
-116
-118
-118
-118
-116
-114
-111
-107
-104
-102
-101
-100
-97
-95
-92
-89
-85
-82
-80
-79
-79
-79
-78
-77
-75
-71
-68
-67
-65
-63
-64
-63
-61
-57
-52
-48
-44
-41
-39
-40
-39
-39
-37
-34
-30
-27
-25
-24
-24
-24
-23
-21
-17
-13
-9
-7
-4
-3
-2
1
3
7
10
14
16
17
19
19
21
25
28
31
34
39
41
45
47
50
52
55
60
64
67
70
71
72
73
75
76
78
83
85
87
90
90
92
94
97
100
104
108
111
115
116
117
120
121
123
124
126
128
129
127
124
123
121
119
118
115
114
110
106
102
97
93
87
82
78
72
65
58
52
43
34
27
18
11
4
-4
-11
-20
-29
-38
-47
-54
-61
-68
-75
-83
-89
-98
-104
-111
-118
-124
-131
-136
-142
-147
-151
-155
-157
-160
-163
-164
-165
-165
-163
-162
-159
-157
-154
-151
-147
-144
-140
-134
-130
-124
-119
-113
-107
-103
-98
-92
-87
-82
-77
-70
-63
-56
-51
-45
-42
-38
-33
-29
-24
-18
-15
-11
-9
-7
-6
-5
-4
-3
-1
0
2
1
2
1
-1
-1
-2
-2
-3
-4
-5
-6
-7
-10
-10
-12
-12
-12
-13
-14
-15
-15
-15
-15
-14
-11
-10
-7
-5
-4
-2
1
4
7
11
14
20
24
27
31
35
39
43
47
52
56
60
64
68
71
74
78
81
83
86
88
89
91
92
93
94
93
93
92
91
88
85
84
81
78
75
72
69
64
57
52
47
42
38
35
30
26
20
15
10
6
2
0
-1
-3
-4
-7
-7
-9
-10
-10
-9
-8
-4
-4
-2
-2
-2
-1
0
1
5
7
9
11
11
11
10
10
12
12
14
14
13
13
11
9
8
8
8
8
8
8
6
6
5
3
4
6
7
8
9
9
8
7
8
8
8
9
8
7
6
4
2
1
0
0
-1
-2
-3
-6
-7
-9
-9
-9
-9
-9
-8
-9
-10
-11
-12
-11
-11
-10
-9
-8
-8
-8
-8
-6
-5
-4
-2
0
1
2
5
5
6
7
9
11
14
14
14
14
15
16
16
18
18
19
19
20
20
20
19
19
19
19
17
16
17
15
13
12
11
10
8
7
6
5
3
2
1
-1
-2
-2
-2
-3
-6
-6
-7
-9
-10
-11
-12
-15
-15
-18
-20
-22
-23
-24
-26
-24
-26
-27
-27
-27
-29
-27
-27
-27
-25
-23
-22
-21
-20
-19
-17
-16
-13
-11
-9
-7
-6
-4
-3
-2
-1
0
0
1
0
0
-1
-2
-4
-5
-7
-9
-11
-13
-17
-20
-23
-26
-29
-32
-36
-40
-43
-47
-51
-54
-57
-60
-64
-67
-70
-73
-76
-79
-80
-83
-84
-85
-87
-87
-88
-89
-88
-86
-85
-83
-81
-79
-77
-75
-71
-68
-66
-61
-57
-54
-49
-46
-42
-37
-33
-28
-24
-20
-15
-10
-6
-2
1
6
10
15
18
22
26
29
32
35
38
41
42
44
46
47
47
47
47
46
47
46
44
43
40
38
35
33
29
28
25
20
17
14
12
9
7
3
2
-1
-2
-5
-5
-7
-6
-7
-7
-6
-5
-3
-2
1
4
7
11
15
20
24
30
34
39
44
49
54
58
63
67
72
76
80
83
84
86
87
88
90
91
90
89
87
85
83
80
77
74
71
67
63
58
54
50
47
43
40
36
33
29
26
23
21
20
18
16
15
13
12
10
8
8
7
7
7
5
6
5
4
3
4
2
2
2
1
-2
-3
-4
-8
-10
-12
-14
-18
-21
-24
-28
-32
-36
-39
-42
-47
-48
-51
-55
-58
-59
-61
-62
-63
-64
-65
-65
-64
-63
-63
-62
-60
-58
-57
-55
-53
-50
-49
-46
-44
-42
-40
-37
-34
-33
-30
-28
-27
-26
-24
-23
-21
-20
-18
-17
-17
-15
-15
-13
-13
-12
-11
-12
-11
-10
-10
-9
-9
-10
-10
-10
-10
-10
-11
-11
-11
-12
-12
-13
-13
-13
-15
-15
-15
-15
-16
-16
-17
-17
-16
-17
-16
-17
-15
-16
-15
-14
-14
-13
-11
-11
-11
-9
-9
-8
-7
-6
-5
-4
-3
-3
-3
-3
-3
-3
-3
-3
-4
-5
-5
-6
-7
-6
-8
-9
-9
-10
-11
-12
-13
-13
-14
-13
-13
-13
-15
-15
-15
-15
-16
-16
-16
-15
-15
-15
-15
-15
-15
-15
-14
-14
-13
-13
-12
-12
-10
-10
-9
-7
-7
-5
-4
-3
-2
0
1
3
4
5
6
8
9
11
13
14
16
16
18
18
19
20
20
20
21
20
21
20
20
20
19
18
18
17
16
14
14
12
11
10
9
7
6
6
3
3
3
1
0
-1
-1
-2
-2
-4
-3
-3
-4
-4
-5
-5
-5
-3
-4
-4
-4
-3
-3
-2
-1
-1
-1
0
1
3
3
5
6
7
9
9
11
13
14
17
20
21
23
24
26
29
31
32
34
36
37
38
40
41
42
43
43
44
44
43
43
43
41
40
40
38
37
35
32
31
28
27
24
21
18
17
14
11
8
6
2
1
-2
-4
-6
-9
-11
-12
-14
-17
-17
-20
-21
-23
-23
-25
-26
-26
-27
-28
-28
-28
-30
-29
-29
-29
-29
-29
-29
-27
-28
-28
-27
-27
-25
-25
-25
-24
-23
-22
-21
-20
-20
-18
-18
-16
-15
-15
-14
-14
-13
-12
-12
-11
-11
-11
-11
-12
-12
-12
-13
-13
-14
-14
-15
-16
-16
-18
-18
-19
-20
-20
-21
-21
-21
-23
-21
-22
-22
-21
-20
-20
-19
-18
-17
-17
-16
-14
-14
-11
-9
-8
-6
-4
-1
1
3
5
8
12
15
17
21
23
27
30
33
37
40
44
48
51
55
56
59
62
63
64
65
66
66
66
64
62
59
57
53
49
43
38
32
26
20
11
5
-2
-11
-19
-26
-35
-43
-50
-57
-63
-69
-76
-81
-86
-89
-94
-97
-100
-101
-102
-103
-103
-102
-100
-99
-97
-96
-93
-91
-87
-84
-81
-77
-75
-71
-68
-65
-61
-58
-56
-54
-52
-50
-48
-46
-44
-43
-44
-42
-40
-41
-39
-39
-38
-37
-36
-34
-30
-28
-24
-21
-16
-12
-6
0
7
15
22
31
40
49
59
68
77
87
97
106
115
124
133
141
148
154
160
166
170
174
178
179
180
182
182
182
180
180
178
176
174
171
169
166
164
161
159
157
155
154
153
151
151
150
149
148
148
147
145
144
143
142
139
137
132
129
124
118
112
105
97
89
80
70
60
50
39
27
16
3
-7
-17
-30
-40
-51
-60
-69
-76
-84
-92
-96
-101
-105
-108
-110
-111
-112
-113
-111
-111
-109
-107
-105
-102
-99
-97
-94
-93
-90
-88
-87
-86
-85
-86
-86
-86
-89
-90
-93
-95
-99
-101
-105
-109
-113
-117
-120
-124
-127
-129
-131
-133
-135
-134
-134
-135
-132
-130
-129
-125
-121
-115
-111
-104
-99
-94
-88
-83
-78
-71
-67
-62
-60
-57
-54
-53
-53
-54
-54
-57
-60
-64
-70
-75
-81
-88
-96
-104
-111
-119
-128
-136
-144
-152
-159
-166
-173
-177
-183
-187
-190
-193
-195
-195
-194
-194
-192
-191
-189
-185
-181
-176
-172
-166
-162
-155
-150
-144
-138
-132
-127
-120
-114
-108
-103
-98
-92
-87
-83
-77
-72
-70
-65
-62
-57
-55
-52
-48
-47
-44
-41
-40
-38
-36
-35
-34
-32
-30
-30
-29
-27
-25
-25
-21
-19
-17
-14
-9
-6
-2
4
9
16
23
29
38
45
52
60
70
78
87
95
102
109
115
121
127
131
134
137
139
139
138
136
135
131
126
122
117
111
106
99
93
86
80
75
70
65
61
57
53
51
51
49
49
50
50
54
57
60
65
70
76
84
90
99
108
116
126
137
147
157
169
181
191
203
214
226
237
246
256
264
271
278
283
287
289
289
288
286
282
277
269
261
251
240
227
214
200
186
172
156
141
128
113
99
87
74
62
52
42
32
22
14
7
-1
-9
-16
-22
-30
-36
-44
-53
-61
-70
-80
-91
-99
-108
-120
-131
-140
-150
-159
-168
-178
-185
-192
-199
-205
-210
-215
-219
-221
-223
-224
-226
-224
-224
-223
-223
-222
-221
-218
-216
-215
-212
-210
-207
-204
-201
-197
-194
-190
-184
-179
-175
-167
-160
-153
-145
-136
-127
-118
-108
-97
-87
-77
-65
-56
-45
-35
-26
-18
-9
0
7
14
21
27
31
37
40
43
46
48
49
49
51
50
49
49
48
47
45
44
42
40
40
38
36
36
34
34
33
32
33
33
33
35
35
35
37
39
40
42
43
46
48
49
50
53
55
56
58
58
59
61
62
62
63
63
65
64
65
65
67
67
66
68
70
71
71
72
73
73
74
75
75
75
75
74
73
72
70
69
64
62
59
55
51
45
39
34
28
22
15
8
0
-6
-13
-20
-27
-32
-39
-45
-51
-56
-60
-64
-66
-69
-70
-71
-70
-69
-65
-62
-58
-52
-47
-39
-31
-23
-12
-2
8
19
32
43
56
69
80
92
104
114
125
135
144
153
159
165
169
173
175
178
177
176
174
170
167
161
155
147
139
131
123
113
102
92
81
70
59
48
36
25
13
2
-9
-20
-30
-42
-53
-63
-73
-84
-92
-102
-111
-119
-126
-132
-137
-142
-145
-147
-149
-149
-148
-144
-140
-135
-128
-121
-112
-103
-91
-79
-66
-55
-42
-30
-16
-5
7
18
29
37
46
52
57
61
63
64
64
63
59
55
50
44
36
29
22
13
5
-2
-11
-19
-25
-34
-39
-45
-50
-53
-57
-58
-61
-62
-61
-61
-61
-60
-58
-57
-54
-52
-49
-48
-46
-45
-43
-42
-42
-40
-41
-41
-42
-44
-44
-46
-48
-50
-52
-55
-58
-59
-61
-63
-64
-65
-66
-67
-65
-64
-64
-61
-59
-56
-53
-49
-46
-41
-35
-30
-25
-20
-15
-9
-3
2
7
12
19
23
28
33
38
42
45
49
54
57
60
63
65
67
69
72
70
71
70
69
68
66
63
61
56
52
47
42
36
30
24
17
9
4
-3
-10
-17
-23
-28
-33
-37
-40
-43
-45
-47
-48
-48
-47
-46
-44
-40
-38
-35
-30
-26
-22
-17
-12
-7
-2
1
6
10
13
16
19
22
25
26
29
29
30
31
31
30
30
30
29
29
28
27
28
26
25
25
26
25
26
26
27
28
28
30
32
32
34
36
38
39
41
42
43
45
45
44
45
45
44
43
42
40
38
35
33
30
28
24
21
17
14
9
5
1
-2
-7
-11
-14
-18
-22
-25
-30
-32
-35
-39
-43
-45
-47
-50
-52
-55
-58
-59
-61
-63
-64
-66
-67
-69
-69
-72
-71
-73
-73
-74
-74
-74
-73
-72
-71
-71
-71
-70
-68
-67
-65
-64
-63
-61
-58
-56
-53
-50
-47
-44
-40
-38
-34
-31
-27
-23
-20
-17
-13
-10
-6
-5
-2
0
2
3
3
4
5
5
4
3
2
1
0
-3
-4
-6
-8
-10
-12
-14
-16
-17
-18
-20
-20
-20
-20
-20
-19
-18
-17
-15
-15
-11
-9
-7
-3
-1
2
5
6
10
14
16
18
20
22
25
26
28
29
30
31
31
32
30
29
29
27
26
24
21
19
15
12
8
5
1
-2
-6
-10
-14
-17
-19
-22
-24
-25
-27
-28
-29
-28
-27
-27
-26
-24
-21
-18
-16
-13
-9
-7
-4
0
3
5
8
9
12
13
14
14
15
14
14
13
11
10
8
5
3
0
-3
-6
-8
-11
-15
-17
-20
-22
-24
-26
-28
-29
-30
-30
-31
-30
-29
-27
-26
-22
-20
-17
-13
-9
-6
0
5
10
15
21
27
33
38
43
48
53
58
62
67
70
74
77
78
80
82
83
84
83
84
83
82
81
79
77
75
74
71
68
65
63
60
56
54
51
48
46
44
42
39
37
35
34
34
33
32
34
34
35
38
39
43
46
50
54
57
60
65
68
71
74
76
78
78
79
78
75
73
69
63
57
50
43
35
26
16
7
-2
-11
-21
-30
-39
-45
-52
-59
-64
-68
-71
-73
-74
-76
-74
-73
-72
-68
-65
-61
-57
-52
-47
-42
-38
-33
-28
-23
-18
-13
-7
-3
2
5
9
13
16
19
23
26
26
29
29
30
30
30
28
27
25
22
19
16
10
6
1
-4
-10
-15
-21
-27
-32
-37
-41
-45
-49
-53
-55
-56
-57
-59
-58
-57
-55
-55
-53
-51
-48
-46
-44
-42
-40
-39
-37
-36
-36
-37
-37
-38
-41
-44
-46
-48
-53
-56
-60
-63
-66
-70
-72
-75
-77
-80
-80
-81
-80
-79
-78
-75
-71
-65
-60
-52
-44
-34
-23
-13
0
14
28
44
58
74
89
105
120
133
147
158
169
178
184
189
191
191
191
186
181
172
161
150
137
122
107
91
75
58
42
27
12
-3
-16
-28
-39
-50
-57
-66
-73
-79
-83
-87
-90
-95
-97
-100
-102
-105
-108
-110
-113
-115
-118
-121
-124
-127
-129
-132
-135
-138
-140
-142
-144
-147
-149
-150
-152
-152
-152
-153
-154
-152
-150
-146
-143
-139
-134
-125
-116
-105
-92
-76
-60
-42
-22
-2
21
44
67
89
112
132
151
167
180
189
195
197
193
186
174
157
137
112
84
53
20
-14
-49
-85
-120
-152
-183
-210
-234
-255
-271
-284
-291
-294
-291
-286
-277
-263
-247
-228
-207
-185
-162
-139
-115
-91
-69
-47
-26
-8
10
26
42
55
68
80
89
99
108
116
125
131
139
145
153
160
167
174
180
187
193
200
205
212
219
224
231
238
244
249
254
260
266
271
275
279
281
283
284
284
281
279
275
269
261
252
240
229
216
201
187
170
152
136
118
101
84
68
53
36
22
8
-4
-16
-28
-38
-48
-56
-66
-73
-81
-87
-94
-100
-105
-111
-115
-118
-120
-121
-120
-118
-116
-109
-103
-95
-85
-71
-59
-45
-29
-12
3
19
36
51
64
76
85
94
98
101
100
97
90
82
72
60
45
31
15
0
-16
-31
-46
-57
-69
-79
-85
-91
-94
-95
-95
-93
-89
-84
-77
-71
-64
-56
-48
-39
-32
-25
-18
-12
-6
-1
4
8
11
15
18
19
21
21
22
20
18
15
9
4
-2
-13
-24
-36
-50
-65
-81
-98
-115
-134
-152
-170
-186
-202
-217
-229
-240
-248
-255
-259
-262
-263
-261
-258
-254
-247
-241
-234
-227
-219
-211
-204
-198
-193
-188
-185
-182
-180
-179
-178
-178
-179
-180
-179
-180
-180
-179
-178
-175
-172
-167
-162
-155
-149
-141
-133
-123
-115
-104
-94
-84
-73
-63
-53
-44
-34
-25
-15
-5
3
12
20
28
37
46
53
61
68
75
82
89
95
100
105
110
113
115
119
119
121
123
123
121
121
121
119
117
115
112
109
107
104
101
98
96
93
90
87
85
81
77
74
69
65
62
58
53
50
45
41
36
32
28
24
20
17
14
12
11
10
8
9
10
12
15
19
22
26
33
37
43
50
55
61
67
72
76
81
84
88
91
92
93
94
94
95
94
95
96
96
98
100
102
106
111
115
122
128
136
143
150
158
164
170
175
180
183
184
185
183
181
176
171
164
155
146
137
126
116
105
97
86
77
68
60
52
44
39
32
27
21
16
11
6
2
-5
-10
-16
-22
-28
-35
-42
-48
-53
-59
-63
-66
-70
-72
-73
-73
-72
-70
-68
-64
-60
-56
-51
-47
-43
-38
-34
-30
-29
-26
-24
-24
-23
-23
-23
-23
-22
-22
-22
-20
-19
-15
-13
-9
-6
-1
4
11
17
24
30
37
43
49
55
61
65
70
73
75
77
79
78
77
77
75
73
70
66
62
58
53
47
42
36
29
23
15
9
2
-5
-12
-19
-27
-34
-41
-48
-55
-60
-66
-72
-76
-80
-84
-88
-90
-93
-96
-98
-100
-102
-102
-104
-106
-108
-109
-112
-113
-116
-118
-120
-123
-126
-128
-131
-135
-137
-140
-143
-145
-148
-150
-154
-156
-158
-160
-162
-163
-164
-165
-166
-165
-164
-164
-161
-159
-156
-152
-147
-141
-136
-129
-123
-115
-107
-98
-90
-82
-74
-66
-58
-50
-44
-38
-30
-25
-20
-15
-12
-8
-5
-2
-1
2
3
4
4
4
4
3
3
0
-1
-4
-7
-10
-14
-18
-23
-28
-33
-38
-43
-49
-53
-57
-61
-63
-65
-66
-66
-64
-63
-59
-55
-50
-44
-38
-31
-23
-16
-9
-1
5
10
16
20
25
27
28
30
30
30
30
29
28
27
25
25
23
25
26
27
31
34
38
43
47
53
59
64
68
72
75
78
78
79
78
76
73
70
64
57
51
44
37
30
23
16
11
3
0
-5
-6
-8
-9
-9
-8
-6
-2
1
5
9
14
20
25
31
37
42
48
53
59
63
68
73
77
81
85
88
91
93
95
97
98
99
99
99
98
97
95
92
89
88
84
82
80
76
73
71
67
66
63
62
60
58
57
56
55
54
54
52
52
50
49
47
45
43
41
38
36
32
30
27
24
21
18
16
13
10
9
7
5
4
3
3
4
3
3
3
3
2
1
1
-1
-2
-5
-8
-10
-16
-20
-25
-30
-37
-43
-49
-55
-63
-70
-75
-82
-87
-92
-96
-98
-99
-101
-100
-98
-94
-91
-85
-79
-71
-62
-53
-44
-33
-22
-11
0
11
23
34
46
57
67
78
90
100
111
121
131
140
151
161
170
182
191
200
209
218
227
236
241
248
253
257
259
261
261
258
255
250
244
237
227
217
205
193
180
165
151
134
118
101
83
67
48
30
11
-8
-27
-46
-66
-85
-104
-125
-142
-159
-178
-195
-209
-224
-236
-248
-258
-266
-272
-277
-279
-280
-279
-276
-273
-267
-261
-254
-245
-236
-227
-217
-205
-194
-183
-172
-162
-150
-139
-128
-117
-106
-95
-84
-74
-65
-56
-48
-41
-34
-28
-24
-20
-18
-17
-17
-18
-20
-23
-27
-31
-34
-38
-40
-42
-43
-41
-39
-33
-25
-14
-2
14
30
49
69
91
113
136
157
176
194
210
222
232
237
238
234
225
214
196
175
150
122
91
58
24
-12
-47
-82
-117
-149
-179
-208
-233
-256
-275
-292
-304
-314
-320
-324
-325
-324
-321
-314
-310
-301
-292
-283
-273
-263
-251
-239
-228
-216
-203
-191
-179
-167
-154
-142
-131
-120
-108
-97
-85
-75
-63
-53
-43
-34
-25
-16
-10
-2
6
11
18
25
31
35
42
48
53
57
63
68
73
79
83
88
93
98
102
106
110
114
117
121
125
128
129
131
134
135
136
138
139
140
141
142
142
143
142
142
141
140
137
136
134
130
127
123
118
115
109
105
101
96
91
86
82
78
74
70
67
63
61
58
56
53
51
49
47
44
42
38
35
32
29
27
24
21
19
18
16
16
15
15
16
16
19
22
25
29
32
36
40
43
46
49
52
54
53
54
53
51
49
46
43
39
35
30
25
20
17
13
9
6
3
1
-1
-3
-5
-6
-8
-10
-12
-15
-18
-22
-26
-31
-37
-43
-50
-57
-64
-72
-79
-87
-91
-96
-101
-104
-106
-107
-106
-105
-101
-99
-93
-86
-81
-74
-66
-60
-54
-46
-41
-37
-31
-28
-25
-24
-23
-23
-25
-26
-27
-30
-31
-34
-36
-38
-40
-42
-43
-45
-46
-46
-46
-46
-46
-45
-45
-44
-43
-43
-41
-40
-38
-37
-35
-33
-30
-26
-22
-17
-12
-6
1
8
16
24
32
41
48
58
65
72
76
80
84
86
86
85
82
78
74
66
60
51
43
34
25
17
7
0
-7
-13
-16
-19
-22
-20
-19
-16
-11
-6
2
11
20
30
41
52
62
72
81
89
98
104
109
113
113
114
114
111
106
102
96
89
81
72
64
57
49
42
34
29
23
18
13
9
5
2
-1
-3
-7
-10
-13
-17
-21
-26
-31
-38
-43
-50
-57
-64
-71
-79
-86
-91
-98
-101
-105
-108
-109
-109
-109
-106
-102
-98
-92
-86
-81
-73
-65
-58
-52
-44
-38
-33
-28
-22
-19
-17
-15
-13
-11
-11
-11
-11
-12
-13
-14
-14
-15
-15
-15
-15
-15
-14
-13
-11
-9
-7
-4
-1
3
6
12
18
24
32
41
49
60
69
80
90
101
112
120
128
135
140
146
148
147
145
140
134
124
112
100
86
69
53
37
21
5
-9
-21
-32
-39
-45
-46
-46
-42
-36
-25
-14
1
17
35
53
72
91
110
127
144
158
170
179
187
191
193
190
186
179
170
158
144
130
113
97
77
59
42
24
7
-9
-23
-39
-50
-60
-70
-77
-82
-86
-89
-90
-89
-87
-85
-81
-77
-73
-69
-64
-61
-57
-54
-53
-53
-53
-55
-57
-61
-65
-70
-74
-79
-84
-88
-91
-92
-92
-90
-88
-82
-76
-68
-58
-45
-33
-21
-7
6
19
30
40
50
57
62
64
66
64
61
56
47
38
27
16
3
-10
-24
-37
-50
-64
-75
-87
-96
-105
-113
-119
-125
-128
-130
-130
-130
-130
-127
-125
-121
-116
-112
-107
-101
-95
-90
-85
-78
-73
-68
-64
-60
-57
-54
-51
-51
-50
-51
-53
-55
-58
-61
-65
-68
-72
-76
-80
-82
-84
-86
-85
-84
-81
-78
-74
-68
-62
-57
-50
-45
-41
-36
-34
-32
-33
-35
-39
-47
-55
-66
-77
-90
-104
-119
-133
-147
-159
-171
-181
-189
-193
-196
-195
-192
-185
-177
-167
-154
-139
-124
-108
-90
-75
-59
-45
-32
-21
-11
-3
4
9
12
14
17
19
23
27
32
40
50
64
78
97
120
145
173
203
234
266
299
331
361
388
411
429
441
447
447
439
424
401
371
335
293
245
194
141
87
33
-19
-69
-115
-156
-190
-220
-242
-259
-267
-270
-269
-262
-250
-234
-217
-198
-177
-158
-138
-120
-104
-90
-77
-67
-59
-52
-47
-45
-43
-42
-43
-43
-43
-44
-44
-45
-45
-45
-44
-45
-43
-42
-41
-41
-39
-38
-36
-34
-32
-29
-25
-22
-16
-12
-7
2
8
16
24
34
44
53
64
74
84
92
101
109
115
120
124
129
131
131
131
128
125
120
115
109
103
95
86
77
69
58
48
39
29
20
10
3
-4
-10
-17
-20
-24
-26
-27
-25
-23
-19
-14
-7
3
13
23
37
50
65
79
95
110
126
142
156
170
183
195
206
215
223
228
232
235
235
233
230
228
221
216
209
202
195
188
182
175
170
165
160
156
153
150
146
143
141
136
131
127
119
112
104
96
85
75
65
56
47
38
30
26
21
20
19
21
26
31
38
46
55
65
74
83
91
99
104
108
111
110
110
105
99
93
82
72
59
46
33
17
4
-11
-25
-38
-52
-64
-76
-88
-99
-109
-118
-127
-136
-145
-152
-159
-167
-172
-179
-185
-190
-196
-200
-205
-208
-211
-214
-215
-216
-218
-216
-216
-215
-212
-211
-209
-209
-207
-206
-205
-206
-205
-206
-208
-211
-215
-219
-224
-229
-234
-236
-239
-242
-244
-243
-241
-238
-234
-228
-223
-214
-203
-193
-182
-169
-158
-146
-133
-121
-108
-96
-85
-73
-62
-52
-42
-32
-21
-13
-4
4
11
19
27
33
39
45
51
53
58
59
61
62
62
60
58
55
53
48
45
42
38
34
30
26
23
20
17
15
12
9
8
5
1
-1
-4
-7
-11
-16
-21
-27
-33
-39
-46
-52
-60
-66
-74
-80
-86
-92
-98
-103
-107
-112
-115
-118
-119
-119
-118
-117
-114
-111
-107
-101
-94
-87
-78
-68
-59
-48
-36
-25
-13
1
13
26
39
53
66
80
94
106
120
132
145
156
167
178
187
193
200
204
207
207
205
202
196
188
178
167
154
140
125
109
93
76
60
44
31
18
7
-4
-12
-16
-20
-21
-21
-18
-14
-8
-1
9
19
31
43
56
69
83
96
110
123
134
145
153
161
166
170
171
169
166
162
154
145
135
123
112
97
83
70
57
44
33
22
14
7
1
-1
-2
-1
2
7
14
21
29
39
50
59
69
78
87
94
100
104
108
112
112
114
114
113
111
110
109
110
108
108
110
112
114
118
122
126
130
134
137
140
141
139
137
133
128
120
109
99
86
71
58
43
28
14
1
-11
-22
-33
-40
-47
-54
-58
-61
-62
-62
-63
-61
-59
-58
-56
-54
-52
-52
-50
-53
-55
-58
-62
-69
-78
-85
-95
-105
-115
-124
-132
-138
-143
-145
-143
-139
-133
-123
-111
-97
-80
-63
-44
-25
-8
9
24
36
46
54
57
58
54
48
38
26
10
-7
-28
-49
-72
-96
-120
-143
-168
-191
-212
-231
-249
-263
-275
-285
-288
-289
-285
-277
-262
-245
-221
-193
-161
-124
-84
-43
1
43
85
123
158
188
210
225
233
233
225
210
188
161
129
94
58
21
-17
-52
-85
-117
-144
-168
-188
-205
-219
-228
-236
-240
-241
-238
-234
-228
-220
-209
-199
-187
-176
-164
-152
-141
-131
-122
-114
-107
-100
-93
-88
-82
-77
-71
-65
-59
-50
-42
-31
-19
-5
13
34
59
88
121
155
191
229
265
299
330
354
370
380
379
370
350
325
291
253
212
169
129
92
59
33
14
2
-1
3
12
28
47
67
89
111
131
149
163
173
179
178
174
163
147
126
99
69
36
1
-35
-70
-103
-133
-160
-181
-197
-208
-213
-212
-207
-199
-186
-172
-156
-138
-120
-103
-86
-70
-54
-40
-26
-15
-3
7
15
19
24
24
22
19
13
5
-4
-14
-24
-34
-42
-49
-54
-60
-62
-65
-67
-69
-71
-75
-78
-82
-88
-93
-98
-103
-108
-111
-113
-114
-112
-108
-103
-96
-89
-79
-71
-62
-53
-43
-33
-24
-16
-7
1
8
16
23
28
33
37
40
42
43
42
43
41
39
37
35
34
33
31
29
30
29
27
26
24
22
21
21
20
20
20
22
24
28
30
33
38
40
43
46
48
49
47
46
45
42
40
37
34
34
31
30
30
29
29
29
27
27
26
25
23
22
20
19
20
19
19
18
18
16
14
11
6
1
-6
-16
-26
-35
-46
-56
-66
-74
-81
-85
-87
-87
-86
-81
-75
-69
-61
-52
-43
-33
-23
-14
-6
3
10
16
21
26
29
31
32
30
26
23
17
10
1
-7
-17
-26
-36
-45
-55
-63
-71
-77
-83
-88
-90
-90
-89
-86
-78
-69
-58
-43
-25
-7
14
38
62
86
111
134
155
174
190
202
210
214
214
211
205
194
182
166
150
130
111
90
71
50
29
10
-9
-27
-44
-60
-74
-87
-99
-107
-113
-119
-123
-124
-122
-121
-118
-114
-110
-106
-102
-98
-95
-92
-91
-90
-89
-91
-92
-93
-95
-97
-97
-99
-100
-100
-101
-100
-98
-95
-92
-89
-85
-79
-76
-70
-64
-60
-57
-53
-50
-47
-47
-46
-45
-45
-46
-48
-51
-52
-54
-56
-57
-59
-60
-63
-63
-63
-63
-64
-65
-63
-62
-60
-57
-54
-50
-43
-37
-30
-22
-14
-6
2
9
16
24
28
34
37
38
42
43
45
45
46
48
49
50
52
53
56
58
60
63
67
69
72
75
78
82
83
86
87
87
87
87
85
82
79
74
70
65
60
56
52
50
48
46
47
48
51
53
57
61
66
72
76
81
86
92
97
102
106
109
111
112
113
113
111
107
102
98
91
83
76
68
59
51
43
35
26
17
8
-3
-12
-23
-34
-46
-59
-71
-84
-96
-107
-118
-127
-135
-142
-147
-150
-150
-150
-145
-140
-133
-123
-112
-98
-83
-63
-44
-22
2
26
54
82
113
143
176
208
242
276
311
345
380
414
448
481
513
542
568
591
610
623
631
632
626
612
589
560
524
481
431
375
314
250
185
118
51
-14
-75
-134
-189
-237
-280
-317
-346
-370
-388
-400
-405
-407
-404
-398
-390
-380
-371
-362
-353
-345
-338
-334
-331
-329
-328
-329
-330
-332
-334
-336
-337
-337
-337
-334
-331
-325
-319
-311
-298
-287
-274
-259
-245
-228
-211
-194
-178
-162
-147
-132
-119
-107
-96
-87
-78
-71
-67
-61
-58
-54
-51
-49
-46
-43
-41
-39
-37
-34
-32
-30
-28
-26
-24
-23
-22
-21
-19
-18
-17
-16
-16
-14
-14
-14
-12
-11
-11
-10
-11
-10
-9
-8
-9
-8
-9
-11
-11
-14
-15
-18
-21
-25
-29
-34
-37
-42
-47
-49
-51
-54
-55
-55
-54
-53
-50
-46
-42
-38
-33
-26
-20
-14
-7
0
8
16
24
30
38
43
48
51
55
55
55
52
48
44
37
30
21
12
2
-6
-14
-23
-30
-35
-39
-42
-43
-42
-40
-37
-31
-25
-18
-10
-1
7
14
23
30
37
42
45
46
46
43
40
35
29
21
15
7
1
-4
-5
-3
1
11
25
46
69
99
133
170
210
252
295
337
376
413
444
468
486
495
497
488
473
447
414
377
333
288
238
190
143
98
57
22
-8
-29
-45
-53
-57
-54
-45
-33
-18
0
20
40
59
79
96
112
127
139
150
159
167
173
178
182
184
187
188
188
187
185
180
176
169
161
150
139
126
112
97
81
63
46
29
13
-3
-18
-34
-47
-62
-76
-89
-102
-116
-128
-141
-154
-168
-182
-194
-206
-217
-226
-233
-241
-246
-248
-247
-245
-240
-233
-226
-216
-205
-194
-181
-169
-158
-147
-137
-128
-121
-115
-111
-108
-108
-108
-109
-112
-115
-117
-121
-125
-128
-130
-131
-132
-132
-131
-128
-125
-121
-115
-108
-100
-92
-86
-78
-71
-64
-58
-54
-51
-51
-51
-54
-60
-66
-72
-82
-92
-100
-109
-118
-123
-130
-133
-134
-133
-130
-122
-116
-106
-96
-85
-75
-62
-53
-44
-37
-32
-28
-27
-28
-30
-34
-39
-44
-51
-57
-64
-70
-75
-80
-85
-88
-91
-94
-96
-97
-101
-102
-103
-106
-109
-111
-112
-114
-115
-114
-113
-110
-105
-99
-92
-81
-71
-59
-45
-32
-19
-5
8
20
33
44
54
62
68
73
77
79
79
79
78
76
72
69
65
61
58
53
49
45
42
38
34
31
27
22
17
13
9
4
-2
-7
-13
-20
-27
-35
-42
-50
-57
-66
-73
-81
-87
-92
-96
-100
-103
-103
-103
-101
-98
-95
-90
-83
-77
-70
-61
-54
-46
-38
-31
-24
-19
-15
-10
-7
-6
-3
-4
-3
-4
-4
-6
-5
-7
-7
-6
-5
-3
-2
1
3
5
8
10
14
16
18
19
21
21
21
20
20
19
19
18
15
15
14
14
14
16
17
18
21
24
26
30
34
37
43
45
51
56
60
66
71
77
85
91
100
109
118
128
139
149
163
174
184
195
206
215
222
229
234
237
238
239
236
234
231
227
222
219
215
213
211
210
211
214
217
220
222
226
227
228
226
222
213
202
186
166
142
115
84
48
12
-25
-63
-100
-137
-173
-204
-233
-256
-276
-290
-301
-305
-306
-302
-295
-283
-271
-256
-238
-222
-204
-186
-168
-154
-140
-127
-116
-107
-99
-93
-89
-84
-83
-81
-80
-80
-78
-78
-77
-75
-72
-70
-64
-58
-52
-45
-34
-25
-14
-4
8
21
32
44
55
66
75
87
95
106
115
124
135
145
157
169
183
200
217
235
255
275
296
317
336
356
374
390
403
414
421
425
425
421
414
403
391
375
358
339
318
297
277
255
236
217
197
179
159
140
122
102
83
64
42
19
-5
-32
-59
-88
-117
-149
-180
-213
-242
-274
-304
-334
-361
-389
-413
-437
-457
-474
-489
-501
-510
-516
-520
-520
-518
-511
-502
-488
-472
-455
-433
-410
-386
-361
-333
-308
-279
-253
-227
-201
-178
-156
-137
-121
-105
-92
-81
-72
-63
-56
-49
-45
-39
-35
-32
-27
-23
-18
-12
-6
-2
4
9
13
19
24
29
35
40
43
46
51
55
59
62
66
70
73
79
83
86
89
92
95
98
99
100
102
103
103
102
101
100
99
96
94
91
88
87
84
82
79
77
74
71
68
67
65
63
60
58
56
53
53
48
47
45
42
42
40
39
39
38
38
37
37
37
37
39
40
40
41
41
42
43
44
45
47
47
48
50
51
51
51
51
53
53
54
54
54
53
54
55
55
56
56
58
58
58
60
61
62
64
66
68
71
72
76
76
77
79
80
80
80
80
79
78
77
75
73
70
68
66
66
63
61
61
60
60
59
60
60
60
60
60
60
59
58
57
55
52
48
45
42
38
33
29
25
20
16
13
10
7
5
2
1
-3
-3
-6
-8
-10
-12
-14
-16
-19
-22
-24
-27
-31
-32
-36
-39
-42
-43
-45
-47
-47
-48
-49
-48
-47
-46
-44
-43
-41
-39
-37
-37
-34
-33
-32
-31
-30
-30
-29
-28
-28
-28
-29
-28
-28
-28
-27
-26
-26
-25
-24
-23
-22
-21
-20
-18
-18
-19
-18
-20
-21
-22
-24
-26
-28
-31
-33
-37
-40
-43
-45
-48
-52
-54
-56
-58
-60
-63
-66
-67
-68
-71
-72
-76
-78
-80
-83
-86
-88
-90
-91
-94
-95
-96
-98
-99
-99
-99
-98
-98
-98
-96
-94
-92
-90
-88
-85
-84
-82
-79
-75
-73
-71
-69
-66
-63
-61
-58
-55
-53
-50
-48
-46
-45
-43
-40
-39
-37
-35
-34
-33
-33
-32
-31
-30
-30
-30
-29
-30
-30
-30
-28
-27
-26
-25
-25
-24
-23
-21
-21
-20
-19
-17
-16
-14
-13
-12
-10
-9
-8
-6
-5
-5
-3
-3
-2
-2
-2
-2
-1
-2
-1
-1
-2
-2
-3
-4
-4
-5
-6
-8
-8
-9
-11
-12
-13
-14
-15
-17
-19
-21
-21
-22
-25
-25
-27
-27
-28
-28
-29
-31
-31
-32
-34
-34
-34
-36
-37
-38
-38
-38
-40
-41
-43
-44
-45
-46
-47
-49
-49
-49
-51
-51
-51
-51
-51
-51
-49
-48
-46
-45
-43
-42
-39
-36
-34
-31
-28
-26
-23
-21
-17
-14
-11
-9
-5
-2
0
3
5
7
11
13
15
19
21
24
28
29
34
36
39
42
45
47
50
53
55
58
60
62
63
66
67
68
70
71
71
71
72
73
73
73
72
73
74
74
74
74
73
74
74
73
74
73
72
72
72
70
70
68
67
66
65
63
62
60
59
58
56
54
53
51
49
48
48
47
46
45
44
43
42
42
42
42
40
40
38
39
38
38
37
36
35
35
33
34
32
31
29
29
28
27
26
24
23
22
20
20
18
16
15
14
12
10
9
8
7
5
4
2
2
1
0
0
0
-1
-1
0
0
-1
0
1
1
2
2
4
3
5
5
7
7
8
10
11
12
13
15
16
17
19
19
21
23
24
25
26
28
30
32
32
34
35
37
39
38
39
40
41
41
41
42
41
41
40
40
39
37
36
35
32
31
29
26
25
23
20
17
15
12
9
6
3
1
-3
-5
-9
-10
-14
-16
-19
-22
-25
-27
-30
-31
-34
-36
-39
-40
-42
-43
-45
-46
-46
-47
-47
-48
-48
-47
-46
-47
-46
-44
-43
-41
-41
-39
-38
-37
-35
-34
-33
-32
-30
-29
-27
-26
-24
-24
-22
-21
-20
-18
-17
-16
-15
-14
-13
-11
-10
-9
-8
-6
-6
-4
-3
-4
-2
-1
-1
-2
0
0
0
1
1
2
2
2
2
2
1
1
1
1
1
1
1
0
-1
-1
-2
-2
-4
-4
-4
-5
-5
-5
-6
-7
-7
-7
-8
-8
-8
-8
-8
-8
-9
-8
-8
-8
-7
-8
-8
-8
-8
-7
-8
-8
-8
-8
-8
-7
-7
-8
-7
-8
-7
-8
-8
-7
-6
-6
-5
-5
-5
-5
-4
-3
-3
-3
-2
-2
-1
-1
0
-1
0
1
1
1
2
1
2
3
3
4
4
4
4
4
5
6
7
7
6
7
7
8
7
7
8
8
8
7
8
7
9
9
9
9
9
9
9
9
8
9
9
8
9
8
8
7
9
9
8
9
9
8
9
9
9
9
9
8
10
9
10
9
10
9
9
9
9
8
9
9
9
9
9
8
8
8
8
8
7
7
7
8
7
7
7
7
7
6
6
5
7
6
6
5
6
5
5
5
4
4
5
4
4
4
4
4
4
4
4
3
3
4
2
2
2
2
2
2
2
3
1
1
1
1
1
0
1
0
1
0
0
0
-1
-1
-1
-2
-1
-1
-2
-2
-3
-2
-2
-3
-3
-3
-3
-3
-4
-5
-4
-4
-5
-5
-4
-5
-5
-6
-6
-6
-6
-6
-6
-6
-7
-6
-7
-6
-7
-6
-6
-7
-7
-6
-7
-7
-8
-7
-7
-6
-7
-7
-8
-8
-8
-7
-7
-7
-7
-8
-8
-8
-7
-8
-7
-7
-8
-8
-7
-8
-7
-7
-8
-8
-8
-7
-7
-7
-7
-6
-7
-6
-7
-7
-7
-7
-7
-6
-6
-5
-6
-6
-5
-6
-6
-6
-6
-6
-5
-6
-5
-6
-6
-6
-5
-6
-5
-6
-6
-5
-5
-6
-6
-6
-5
-5
-5
-5
-5
-4
-5
-4
-3
-4
-4
-3
-3
-4
-3
-4
-3
-3
-3
-3
-3
-3
-3
-4
-3
-2
-3
-2
-2
-2
-2
-2
-2
-2
-2
-2
-2
-2
-1
-2
-2
-1
-1
-1
-2
0
-1
-1
-1
0
0
0
0
0
0
1
0
2
1
1
1
1
1
1
2
1
2
1
2
2
3
3
2
2
2
2
3
2
2
3
3
3
3
4
4
3
3
3
3
3
3
3
3
3
4
3
4
4
4
5
4
4
5
3
4
4
4
4
5
4
4
4
4
5
4
5
4
4
4
4
4
4
4
4
4
4
4
4
3
4
4
4
3
4
3
3
3
3
4
4
4
3
4
4
3
3
3
3
3
2
3
3
2
3
3
3
3
3
3
2
2
3
2
2
3
3
2
3
2
2
1
2
1
3
2
2
1
2
1
2
1
2
2
1
1
1
1
0
0
1
0
1
1
1
0
0
0
0
0
1
1
0
0
0
0
0
0
0
0
0
-1
0
-1
-1
-1
-1
-2
0
-1
-1
-1
-2
-1
-2
-3
-3
-1
-2
-2
-1
-2
-2
-3
-2
-3
-2
-3
-2
-3
-3
-3
-3
-2
-4
-3
-3
-3
-3
-4
-3
-4
-3
-3
-3
-3
-4
-3
-3
-4
-3
-3
-3
-3
-2
-3
-3
-3
-3
-3
-3
-3
-3
-4
-3
-3
-3
-4
-3
-3
-2
-3
-4
-3
-3
-3
-3
-2
-2
-2
-3
-3
-4
-3
-3
-4
-3
-2
-3
-2
-3
-2
-2
-2
-3
-2
-3
-2
-3
-2
-2
-2
-1
-1
-1
-2
-2
-2
-2
-2
-2
-3
-1
-3
-2
-3
-2
-1
-1
-1
-2
-2
-1
-1
-2
-2
-2
-1
-1
0
0
0
0
-1
0
-1
-1
-1
0
-1
0
0
0
0
0
-1
0
0
0
1
0
1
0
0
0
1
0
1
1
0
1
1
0
1
0
1
1
1
1
1
1
1
2
0
2
0
1
1
1
2
2
2
2
1
2
1
2
2
2
3
3
2
2
2
2
2
2
1
3
3
3
2
2
2
2
3
3
3
3
2
3
2
2
2
2
2
2
2
3
2
2
3
3
3
2
2
3
3
2
2
3
3
3
3
3
3
4
4
3
4
4
3
3
3
3
3
4
4
3
3
3
3
4
4
4
3
4
3
2
3
2
2
1
2
2
3
1
1
1
1
0
1
2
0
0
0
0
1
0
0
0
1
1
1
1
1
1
1
1
2
2
2
2
2
2
3
2
2
2
1
2
3
1
1
1
1
1
0
0
0
0
0
0
-1
-1
-1
-1
-1
-2
-2
-3
-3
-3
-4
-3
-3
-3
-3
-5
-4
-3
-3
-2
-3
-2
-2
-2
-2
-1
-1
0
0
0
0
1
1
2
1
1
1
2
1
1
1
1
0
0
0
-1
-1
-2
-1
-2
-4
-3
-5
-5
-6
-6
-6
-7
-7
-7
-8
-8
-9
-8
-9
-8
-8
-9
-8
-7
-7
-7
-6
-5
-4
-3
-4
-3
-1
-1
-1
1
1
2
2
3
2
2
2
3
3
2
2
2
3
1
2
1
-1
-2
-3
-3
-4
-4
-5
-6
-7
-8
-8
-8
-9
-10
-10
-11
-11
-11
-11
-10
-10
-8
-8
-7
-6
-6
-5
-3
-3
-2
0
1
0
2
3
3
4
4
5
5
7
6
6
6
6
5
5
4
4
2
2
2
2
0
-2
-3
-4
-5
-5
-6
-7
-8
-9
-10
-9
-10
-10
-11
-10
-11
-9
-9
-9
-8
-7
-7
-4
-5
-3
-1
0
1
1
4
5
6
7
8
8
9
9
11
12
11
11
12
11
10
9
9
8
6
6
5
3
2
2
1
0
-2
-3
-5
-7
-7
-7
-8
-9
-10
-10
-10
-10
-9
-9
-9
-8
-8
-6
-4
-3
-3
-1
0
2
4
4
6
7
9
10
11
12
13
13
14
14
13
14
14
14
13
12
10
9
9
8
6
4
3
2
1
0
-2
-4
-4
-4
-6
-6
-7
-9
-9
-9
-9
-9
-7
-6
-6
-6
-5
-4
-3
0
-1
0
4
5
6
7
8
9
10
11
12
12
14
14
13
13
13
12
12
10
9
9
7
5
3
3
1
0
-2
-3
-4
-6
-7
-8
-10
-10
-11
-12
-13
-13
-13
-12
-12
-12
-10
-9
-9
-7
-7
-4
-3
-1
0
2
4
5
6
8
8
9
11
10
11
11
11
11
11
10
8
8
5
5
3
1
0
-2
-4
-5
-6
-9
-11
-12
-14
-15
-16
-16
-17
-17
-17
-17
-16
-16
-15
-14
-13
-11
-9
-7
-6
-4
-2
1
1
2
3
5
6
7
8
9
9
9
9
9
8
8
7
6
4
2
1
-1
-2
-4
-6
-7
-9
-11
-12
-13
-14
-15
-16
-16
-18
-16
-16
-16
-14
-14
-14
-13
-10
-9
-7
-5
-5
-3
0
1
2
4
6
7
7
9
10
10
9
10
10
10
10
9
7
6
4
5
2
0
-1
-2
-4
-6
-7
-8
-9
-10
-11
-12
-12
-14
-14
-12
-13
-13
-12
-11
-9
-9
-8
-6
-4
-2
-1
0
1
3
6
7
7
9
10
11
12
12
12
13
12
12
12
12
11
9
8
6
6
3
2
1
0
-2
-3
-4
-6
-7
-7
-8
-9
-10
-9
-9
-9
-8
-8
-7
-5
-4
-2
-1
0
2
3
5
7
10
11
13
13
15
16
17
17
18
18
17
18
18
16
16
15
13
11
10
8
6
3
2
0
-1
-4
-5
-7
-7
-9
-10
-10
-11
-12
-11
-11
-10
-9
-7
-7
-6
-3
-1
1
2
5
7
9
11
13
15
19
20
21
23
24
25
25
24
25
24
23
21
19
18
15
13
10
8
5
2
-1
-2
-5
-8
-11
-13
-14
-17
-17
-20
-20
-20
-21
-20
-19
-18
-15
-14
-12
-10
-7
-4
-1
1
5
8
10
13
16
19
21
22
23
25
26
27
27
27
25
24
22
20
18
15
14
10
6
3
1
-1
-6
-9
-11
-14
-16
-19
-21
-23
-24
-24
-25
-25
-25
-24
-23
-22
-20
-17
-16
-13
-11
-8
-6
-3
-2
1
4
7
10
11
12
14
15
17
17
17
17
17
16
16
14
12
13
10
8
6
4
1
0
-2
-4
-5
-8
-11
-11
-13
-14
-15
-17
-17
-18
-17
-19
-20
-19
-18
-18
-18
-17
-17
-15
-15
-13
-13
-12
-11
-10
-9
-8
-8
-6
-6
-5
-3
-2
-2
-1
0
1
2
3
3
3
5
6
6
6
6
8
7
7
7
7
8
7
6
6
4
4
2
1
0
0
-2
-4
-5
-6
-9
-10
-11
-13
-14
-15
-16
-16
-17
-18
-18
-18
-19
-18
-17
-16
-16
-14
-13
-11
-9
-8
-5
-3
-2
1
3
4
8
8
10
11
12
14
15
16
17
17
17
16
17
16
14
13
12
11
10
7
5
3
1
-1
-2
-4
-6
-9
-10
-11
-14
-14
-15
-15
-15
-17
-16
-14
-14
-15
-13
-12
-10
-8
-6
-5
-3
-1
1
3
5
6
9
11
12
12
16
16
16
18
18
18
18
17
17
17
16
14
12
12
10
8
6
5
2
2
0
-2
-4
-5
-5
-7
-9
-9
-11
-11
-12
-12
-13
-13
-11
-12
-12
-10
-10
-9
-7
-6
-5
-3
-2
0
1
2
3
6
7
9
10
11
12
13
14
13
15
15
15
15
14
14
12
12
11
9
9
8
6
6
4
2
1
0
-1
-4
-4
-5
-7
-8
-10
-10
-11
-11
-13
-13
-13
-14
-14
-14
-14
-13
-13
-11
-11
-10
-8
-9
-7
-6
-5
-3
-3
-1
0
0
2
3
3
5
5
7
6
6
7
8
7
7
7
8
7
5
5
4
2
1
0
-1
-2
-4
-4
-4
-6
-8
-8
-10
-12
-12
-13
-14
-13
-15
-15
-15
-16
-15
-15
-15
-14
-13
-14
-12
-12
-10
-9
-9
-7
-7
-5
-4
-4
-3
-2
0
-1
1
1
2
3
3
3
3
3
3
3
3
4
3
3
2
1
0
-1
-1
-1
-2
-4
-3
-4
-7
-8
-8
-9
-10
-11
-11
-12
-13
-13
-14
-14
-14
-13
-14
-14
-13
-13
-12
-11
-10
-10
-8
-8
-6
-4
-3
-2
-2
0
1
2
3
5
6
7
8
9
9
10
9
10
10
10
9
9
7
7
6
4
4
1
0
-2
-3
-4
-5
-8
-9
-11
-11
-12
-14
-15
-15
-16
-16
-17
-16
-16
-15
-14
-13
-12
-11
-10
-7
-6
-4
-3
-2
1
3
5
7
9
10
12
13
14
15
17
17
17
18
18
17
17
16
15
14
13
12
11
9
7
4
3
2
1
-1
-3
-4
-5
-8
-9
-9
-10
-11
-11
-12
-11
-12
-12
-11
-10
-10
-9
-8
-7
-6
-5
-3
-1
0
1
3
5
6
7
8
10
11
11
14
15
15
15
16
16
17
16
15
15
15
15
13
13
12
12
10
10
9
9
6
5
5
4
3
2
2
0
-1
-1
-2
-2
-3
-3
-3
-3
-4
-4
-4
-5
-5
-4
-4
-3
-4
-3
-2
-2
-1
-1
0
0
2
2
2
3
4
5
5
8
8
8
9
10
10
11
11
11
12
12
12
12
12
12
12
11
11
10
9
8
8
7
6
5
4
3
2
1
-1
-2
-3
-4
-5
-6
-6
-8
-8
-8
-9
-9
-10
-9
-9
-9
-8
-8
-7
-7
-5
-5
-3
-2
-1
0
1
2
4
5
7
7
8
8
9
10
10
10
10
11
10
10
9
7
7
6
5
4
1
1
0
-2
-4
-5
-6
-7
-9
-9
-10
-11
-11
-11
-12
-12
-13
-12
-12
-11
-11
-10
-9
-8
-7
-5
-4
-3
-2
-1
0
1
1
2
3
3
5
5
5
6
5
5
4
4
3
3
2
1
0
-1
-1
-2
-4
-6
-6
-8
-8
-10
-10
-11
-12
-12
-12
-13
-13
-13
-13
-13
-12
-11
-10
-9
-8
-6
-5
-4
-2
-1
1
2
3
5
6
7
8
9
10
10
10
10
11
11
11
10
9
8
7
6
4
3
1
0
-2
-4
-5
-8
-9
-10
-12
-14
-15
-16
-17
-18
-19
-18
-18
-18
-17
-16
-16
-13
-12
-10
-7
-6
-4
-1
0
4
6
8
9
12
14
15
17
18
18
19
19
18
18
18
16
14
13
11
8
6
4
2
-1
-4
-5
-7
-10
-13
-14
-16
-17
-19
-19
-19
-20
-20
-18
-18
-17
-16
-14
-12
-10
-8
-5
-2
0
2
6
8
10
13
15
17
19
20
21
21
21
22
22
22
20
18
18
16
14
11
9
7
4
1
-1
-4
-6
-8
-10
-12
-14
-15
-16
-18
-17
-19
-18
-18
-17
-16
-15
-14
-12
-10
-9
-7
-5
-4
-1
1
2
5
7
9
10
13
14
15
16
17
17
17
18
17
17
16
16
15
14
12
11
9
8
6
3
2
0
-2
-4
-5
-7
-9
-9
-12
-12
-14
-15
-15
-16
-16
-16
-17
-15
-15
-14
-14
-13
-12
-10
-10
-9
-7
-4
-3
-1
0
1
3
4
6
6
8
10
10
11
12
13
12
13
12
12
12
11
10
9
7
6
5
2
0
-1
-3
-5
-7
-9
-10
-13
-14
-17
-18
-18
-20
-21
-21
-22
-22
-22
-21
-20
-20
-19
-16
-15
-14
-12
-10
-8
-5
-3
-1
0
3
6
6
8
10
11
12
12
13
14
14
13
14
14
13
12
9
8
6
5
3
0
-2
-2
-6
-8
-10
-12
-14
-16
-18
-19
-22
-22
-23
-23
-23
-24
-24
-23
-23
-21
-19
-18
-17
-16
-13
-11
-9
-7
-5
-2
-1
0
3
5
6
8
10
11
12
13
13
13
13
13
14
13
12
11
9
8
7
6
3
1
0
-2
-3
-4
-7
-8
-10
-11
-12
-14
-15
-16
-16
-16
-16
-17
-16
-17
-17
-16
-15
-14
-13
-12
-10
-8
-8
-6
-5
-2
0
1
3
4
6
8
9
10
11
12
13
14
14
14
15
14
14
14
13
12
10
10
9
8
6
3
3
2
0
-1
-3
-4
-6
-8
-8
-10
-11
-12
-14
-13
-14
-14
-13
-14
-12
-11
-10
-9
-7
-6
-4
-3
0
1
4
5
8
11
12
14
15
16
17
19
18
20
20
20
20
19
19
17
16
15
13
11
10
7
6
3
1
-2
-3
-5
-7
-8
-9
-11
-12
-13
-13
-13
-14
-13
-13
-12
-11
-9
-8
-6
-5
-2
-1
1
4
6
7
10
12
14
16
17
18
18
20
20
20
20
20
20
19
17
16
14
14
11
9
7
5
3
1
0
-2
-3
-5
-6
-9
-10
-11
-11
-12
-13
-12
-13
-12
-12
-12
-10
-9
-8
-7
-5
-3
-2
0
1
3
4
6
8
8
11
11
13
14
14
14
15
15
15
15
15
13
12
11
9
8
7
5
3
2
0
-2
-4
-6
-6
-8
-10
-10
-11
-12
-12
-14
-14
-13
-13
-13
-12
-12
-11
-9
-8
-7
-5
-3
-2
-1
1
2
3
4
5
7
7
8
9
9
10
11
11
10
9
9
8
8
6
5
4
3
1
0
-1
-3
-4
-5
-7
-7
-10
-10
-12
-13
-13
-14
-13
-14
-14
-15
-14
-12
-13
-12
-11
-9
-8
-6
-5
-4
-2
0
1
2
3
5
6
6
8
8
9
9
10
10
10
9
9
8
7
6
5
4
3
1
0
-1
-3
-4
-5
-5
-7
-8
-8
-10
-11
-11
-11
-12
-12
-11
-11
-11
-10
-9
-7
-7
-5
-4
-3
-2
0
2
3
5
6
6
7
9
8
10
10
11
10
9
10
8
8
7
6
5
3
2
0
-1
-2
-4
-4
-6
-7
-7
-9
-10
-11
-11
-11
-11
-11
-10
-10
-9
-8
-6
-5
-3
-1
1
2
3
4
6
7
10
11
13
13
15
15
15
16
16
15
15
15
14
13
11
10
9
7
5
4
1
0
-2
-3
-6
-8
-9
-12
-13
-13
-14
-15
-15
-16
-16
-15
-14
-13
-12
-10
-9
-8
-5
-3
-1
1
3
5
7
9
12
14
15
16
18
19
20
19
21
21
21
21
19
18
16
15
14
12
9
7
5
2
0
-3
-5
-8
-10
-12
-13
-16
-17
-18
-19
-20
-21
-20
-20
-19
-18
-17
-16
-14
-11
-9
-7
-5
-3
1
3
4
7
9
12
14
15
17
18
19
20
20
20
20
19
19
16
16
13
11
10
7
4
2
-1
-3
-6
-8
-11
-13
-16
-17
-19
-20
-22
-23
-23
-24
-24
-23
-23
-22
-20
-19
-18
-15
-14
-11
-9
-6
-4
-1
1
3
5
7
9
10
11
12
14
14
16
16
15
14
14
11
10
10
8
5
2
1
-1
-3
-5
-8
-9
-11
-13
-15
-17
-19
-20
-20
-20
-21
-22
-20
-21
-20
-20
-19
-19
-16
-15
-14
-11
-11
-9
-6
-4
-3
-1
-1
1
3
3
6
6
7
7
7
8
8
7
6
6
6
5
3
3
1
0
-2
-3
-4
-6
-7
-8
-9
-11
-11
-13
-13
-14
-14
-14
-15
-14
-15
-15
-14
-13
-12
-12
-9
-9
-8
-6
-5
-4
-1
-1
0
2
2
4
5
5
6
7
7
8
8
7
7
5
6
5
3
1
1
-1
-2
-4
-5
-7
-8
-9
-11
-13
-14
-14
-15
-15
-15
-15
-15
-15
-14
-12
-10
-9
-8
-5
-4
-1
1
3
4
7
8
9
11
12
15
15
16
16
17
17
16
14
14
13
12
11
9
6
4
2
1
-2
-2
-5
-8
-9
-11
-12
-13
-13
-15
-15
-15
-15
-15
-13
-12
-11
-9
-8
-5
-3
-1
2
3
6
8
10
11
14
16
17
17
20
20
21
20
20
21
20
19
17
16
13
13
10
9
6
3
3
0
-1
-4
-5
-6
-8
-9
-10
-11
-11
-11
-12
-12
-11
-10
-9
-8
-6
-4
-2
-1
1
2
5
6
8
10
11
12
13
14
15
16
16
16
15
15
15
14
13
13
11
10
8
5
4
3
2
0
-1
-4
-4
-6
-7
-8
-8
-9
-9
-9
-9
-9
-8
-8
-8
-7
-6
-4
-3
-2
-1
0
1
2
4
5
6
7
9
8
9
8
9
9
9
9
8
7
7
6
5
3
2
0
1
-1
-1
-3
-5
-6
-7
-7
-9
-8
-9
-10
-10
-11
-10
-9
-9
-9
-7
-7
-7
-5
-5
-3
-2
-1
0
0
3
4
4
5
6
6
7
7
6
7
7
7
6
4
4
4
2
1
0
-2
-2
-4
-5
-6
-7
-9
-10
-12
-11
-11
-12
-13
-13
-12
-12
-11
-13
-11
-10
-10
-8
-7
-6
-3
-3
-1
0
1
3
4
5
7
6
8
8
8
8
8
7
7
7
7
6
6
4
3
2
1
-1
-2
-2
-4
-6
-7
-8
-9
-9
-10
-9
-10
-11
-11
-11
-11
-10
-10
-9
-7
-7
-4
-4
-3
-1
0
1
2
3
4
6
7
7
8
8
8
8
9
8
8
8
7
6
5
5
4
2
1
1
0
-1
-2
-3
-4
-4
-6
-7
-6
-7
-7
-7
-7
-7
-7
-7
-6
-5
-3
-3
-2
-2
1
1
2
3
4
4
5
6
7
7
7
7
9
8
8
7
8
7
6
6
5
4
3
2
2
1
0
-1
-2
-2
-4
-4
-5
-5
-6
-6
-6
-5
-5
-4
-4
-4
-4
-3
-2
-1
0
0
1
2
3
4
5
6
6
7
7
8
8
8
9
8
8
8
8
8
6
6
5
5
3
1
1
1
0
-2
-2
-4
-4
-4
-6
-6
-7
-7
-7
-7
-8
-7
-7
-6
-6
-5
-3
-3
-2
-1
0
2
2
2
4
6
6
7
8
9
9
9
9
11
10
9
8
8
8
6
6
5
3
3
1
0
-2
-3
-4
-5
-6
-7
-8
-9
-10
-11
-11
-10
-11
-10
-10
-10
-10
-10
-8
-7
-6
-4
-3
-2
-1
1
2
2
4
5
5
7
7
7
9
9
8
8
8
7
7
5
5
4
2
1
0
-2
-3
-3
-6
-6
-7
-9
-10
-11
-11
-12
-12
-13
-13
-13
-13
-12
-10
-11
-10
-9
-7
-6
-6
-4
-3
-1
-1
2
2
3
4
5
4
5
6
6
5
5
6
6
4
4
2
2
1
0
-1
-3
-3
-4
-6
-6
-7
-8
-9
-10
-10
-10
-11
-11
-11
-11
-11
-10
-10
-9
-8
-8
-7
-7
-5
-4
-3
-2
-1
0
0
2
2
2
3
4
4
5
4
3
4
3
4
3
3
2
1
-1
-1
-2
-3
-3
-4
-5
-6
-6
-7
-8
-8
-8
-8
-9
-9
-8
-8
-8
-8
-7
-7
-5
-5
-4
-4
-2
-1
-1
1
2
2
3
5
4
6
6
5
7
7
7
7
6
6
6
5
3
3
2
0
0
0
-2
-2
-4
-5
-6
-6
-8
-7
-7
-9
-9
-10
-9
-9
-8
-8
-8
-7
-6
-5
-3
-3
-1
-1
1
2
4
5
6
7
8
9
10
10
10
10
11
11
10
10
9
9
7
6
5
4
3
1
0
-1
-3
-4
-5
-6
-7
-8
-8
-10
-11
-11
-10
-11
-10
-10
-9
-9
-8
-6
-5
-4
-3
-1
0
2
4
4
6
7
9
9
10
11
12
13
12
12
13
12
13
11
10
9
9
7
5
4
2
1
-1
-2
-4
-6
-7
-7
-9
-10
-11
-12
-12
-12
-13
-12
-12
-11
-11
-10
-8
-7
-6
-4
-3
0
0
3
5
5
7
9
10
11
11
12
12
13
13
12
11
11
11
9
8
7
5
5
3
0
-2
-2
-4
-5
-7
-8
-9
-11
-11
-12
-13
-14
-13
-13
-12
-12
-11
-11
-9
-8
-8
-5
-4
-2
-1
0
1
3
5
6
6
8
9
10
10
9
10
10
10
8
8
7
6
5
4
2
1
0
-1
-3
-5
-6
-8
-9
-9
-11
-11
-12
-13
-14
-15
-13
-14
-13
-12
-11
-10
-9
-8
-7
-5
-3
-2
0
2
3
4
6
7
9
9
11
12
12
12
12
12
12
11
10
8
8
6
5
4
1
0
-3
-4
-6
-8
-9
-11
-13
-13
-15
-17
-18
-18
-17
-17
-17
-16
-15
-13
-12
-10
-10
-7
-5
-3
-2
0
2
4
6
9
11
12
13
15
15
16
18
18
19
18
17
16
16
14
12
11
9
7
3
2
-1
-2
-4
-6
-8
-10
-12
-14
-15
-17
-17
-17
-19
-17
-18
-18
-18
-15
-14
-13
-11
-9
-8
-5
-3
-1
1
3
5
8
10
12
13
16
16
18
19
20
19
20
21
21
20
19
18
17
15
13
12
10
7
5
3
0
-2
-3
-5
-8
-11
-12
-15
-15
-16
-17
-19
-19
-19
-19
-18
-17
-16
-14
-12
-10
-9
-7
-4
-2
1
4
6
9
12
13
15
17
19
20
21
22
24
23
23
22
22
21
19
17
16
14
12
10
7
4
2
0
-3
-4
-6
-8
-11
-12
-13
-14
-15
-16
-16
-16
-16
-15
-15
-14
-13
-11
-10
-7
-6
-4
-3
-1
1
2
5
7
9
9
12
12
14
14
15
16
15
16
16
15
14
13
11
10
9
7
6
3
2
1
0
-3
-4
-6
-8
-9
-10
-11
-12
-12
-13
-14
-14
-13
-14
-12
-11
-10
-9
-8
-6
-4
-3
-1
0
2
4
5
6
7
9
10
11
11
12
12
11
11
10
9
7
6
5
4
2
1
-1
-3
-5
-6
-8
-10
-12
-13
-13
-14
-15
-15
-15
-15
-14
-14
-13
-12
-10
-9
-7
-4
-4
-2
1
1
2
5
5
8
9
9
10
10
10
11
10
10
10
8
7
6
4
3
1
-1
-2
-4
-5
-7
-9
-10
-11
-12
-13
-14
-15
-16
-14
-16
-15
-14
-13
-13
-11
-11
-9
-8
-6
-5
-2
-2
0
1
3
4
5
6
7
8
8
9
9
10
10
9
9
8
8
7
5
4
3
2
0
-1
-2
-4
-5
-7
-8
-9
-10
-12
-12
-12
-13
-13
-14
-13
-12
-12
-11
-11
-9
-8
-8
-6
-4
-3
-2
0
1
2
4
5
7
7
9
9
9
10
11
11
11
10
11
10
9
8
8
6
5
4
2
0
0
-2
-4
-5
-6
-7
-8
-9
-11
-11
-12
-12
-12
-13
-12
-11
-11
-10
-9
-9
-7
-5
-4
-2
0
1
3
4
6
6
8
11
12
12
13
13
14
14
14
14
15
13
12
11
10
8
8
5
4
2
0
-2
-4
-6
-8
-9
-10
-12
-13
-13
-14
-15
-15
-15
-14
-14
-12
-11
-10
-9
-6
-4
-3
0
2
4
6
8
11
12
14
15
17
18
19
19
18
18
17
17
16
13
11
11
8
6
4
0
-1
-4
-6
-9
-10
-13
-13
-15
-17
-18
-18
-17
-18
-18
-17
-15
-14
-12
-10
-8
-5
-3
-1
1
4
7
9
10
12
13
15
16
17
16
17
17
17
16
15
13
12
9
8
6
4
1
-1
-3
-5
-8
-10
-11
-13
-14
-15
-16
-17
-17
-18
-17
-18
-16
-15
-15
-13
-12
-10
-8
-7
-4
-2
0
1
3
5
7
8
10
11
12
13
14
14
13
13
13
12
12
10
8
8
4
5
2
1
-1
-3
-5
-8
-9
-11
-12
-14
-16
-17
-18
-19
-19
-19
-19
-19
-19
-18
-17
-16
-14
-12
-11
-8
-7
-4
-2
0
1
4
6
8
10
11
13
13
14
14
16
14
15
15
13
12
11
9
7
5
4
1
-1
-3
-5
-7
-9
-10
-13
-13
-16
-16
-17
-18
-17
-17
-17
-16
-16
-14
-13
-11
-10
-8
-5
-4
-2
0
2
4
5
7
8
11
12
13
13
14
14
14
14
13
13
12
10
10
7
6
4
2
0
-1
-2
-3
-6
-7
-8
-10
-10
-11
-12
-12
-12
-13
-12
-11
-10
-10
-8
-7
-5
-3
-2
-1
2
4
5
7
8
9
11
12
13
13
14
15
15
15
15
14
12
12
10
9
8
6
4
2
1
-1
-2
-5
-6
-8
-9
-10
-11
-11
-12
-12
-13
-12
-12
-12
-10
-9
-7
-6
-4
-2
-1
1
3
5
8
9
11
12
13
15
17
17
18
18
17
19
19
17
16
16
15
13
11
9
7
6
4
2
0
-1
-2
-5
-6
-7
-9
-10
-11
-12
-12
-12
-11
-11
-11
-12
-10
-9
-8
-6
-5
-3
-1
1
2
4
5
6
8
9
10
12
12
14
14
14
14
15
14
14
14
12
12
11
10
8
6
4
4
2
0
0
-3
-4
-6
-7
-8
-9
-10
-11
-12
-12
-13
-12
-12
-12
-12
-11
-10
-9
-8
-7
-6
-4
-2
-1
0
1
3
4
5
7
7
9
9
11
9
10
10
10
9
9
8
6
7
4
4
2
0
-1
-4
-4
-5
-7
-8
-9
-10
-11
-12
-12
-13
-14
-14
-14
-13
-13
-12
-11
-9
-8
-8
-5
-4
-4
-2
0
0
2
3
5
4
6
7
8
8
8
9
8
9
7
6
5
5
3
2
1
0
-2
-4
-4
-5
-7
-8
-9
-11
-12
-12
-13
-14
-14
-14
-14
-13
-13
-13
-12
-11
-10
-8
-6
-6
-4
-2
-1
1
2
5
6
7
9
9
11
12
12
12
13
12
12
12
11
10
8
7
5
4
2
-1
-2
-4
-6
-7
-9
-12
-13
-14
-15
-16
-17
-17
-17
-18
-17
-16
-15
-14
-12
-11
-9
-7
-5
-3
-1
2
3
6
8
9
11
13
15
15
16
16
16
16
16
16
14
13
12
10
8
7
4
3
0
-1
-3
-6
-8
-9
-10
-12
-13
-14
-15
-15
-15
-15
-14
-15
-13
-11
-10
-9
-7
-6
-3
-1
1
1
5
8
8
9
11
12
12
14
14
14
15
14
14
13
12
11
9
8
7
4
3
1
0
-2
-3
-5
-7
-9
-10
-11
-11
-12
-13
-12
-12
-12
-11
-11
-9
-8
-7
-6
-4
-2
-1
1
2
4
5
7
9
10
11
12
12
13
12
14
13
13
12
11
11
9
8
7
5
3
2
-1
-1
-3
-5
-6
-7
-8
-10
-11
-12
-13
-13
-13
-13
-12
-12
-11
-9
-10
-8
-6
-5
-3
-2
0
2
4
5
6
9
10
10
12
12
13
14
14
13
13
13
12
10
9
7
7
5
3
0
-1
-3
-5
-6
-8
-11
-12
-13
-14
-15
-16
-16
-16
-16
-16
-15
-14
-13
-12
-10
-8
-6
-5
-3
-1
1
4
6
7
9
10
11
13
14
15
16
15
14
14
14
13
11
10
8
7
4
3
1
-2
-4
-6
-8
-10
-12
-14
-16
-17
-18
-18
-19
-20
-19
-18
-18
-17
-16
-15
-13
-12
-9
-7
-5
-3
-1
1
3
5
8
9
12
13
14
15
16
17
16
16
15
14
15
13
11
9
7
6
3
1
-1
-3
-6
-8
-10
-11
-14
-16
-17
-18
-19
-20
-20
-20
-20
-20
-18
-17
-16
-15
-12
-11
-9
-7
-5
-3
0
2
4
6
8
10
12
13
14
16
17
17
17
18
16
16
14
13
12
11
9
7
6
2
1
0
-4
-5
-7
-9
-11
-12
-14
-15
-17
-17
-17
-18
-19
-18
-18
-17
-16
-15
-14
-13
-11
-9
-7
-5
-3
-1
1
2
5
7
9
11
13
13
15
16
16
16
18
18
17
16
16
15
13
12
10
8
6
3
2
0
-2
-4
-6
-8
-10
-11
-13
-13
-15
-15
-16
-17
-16
-16
-14
-14
-13
-12
-10
-9
-6
-4
-2
-1
2
3
6
8
9
11
12
14
15
16
17
17
17
17
16
15
15
15
13
12
9
8
6
5
4
1
1
-1
-3
-5
-5
-6
-8
-9
-10
-10
-10
-11
-11
-11
-11
-9
-9
-8
-7
-6
-4
-2
-1
1
1
3
4
7
8
9
10
11
12
14
15
15
15
15
15
15
15
14
14
11
10
10
8
6
6
3
2
-1
-2
-5
-6
-8
-10
-11
-13
-14
-14
-16
-16
-16
-16
-16
-15
-13
-14
-12
-9
-7
-5
-3
-1
1
4
6
9
11
13
14
16
17
18
18
20
19
19
19
17
16
14
12
10
8
5
3
0
-3
-5
-8
-11
-14
-15
-17
-20
-21
-22
-22
-22
-22
-21
-22
-19
-18
-16
-14
-11
-9
-6
-3
0
1
5
7
9
11
13
15
17
18
18
18
18
17
17
16
15
12
10
8
6
3
0
-2
-4
-8
-9
-12
-16
-15
-18
-20
-21
-21
-21
-22
-21
-20
-20
-19
-17
-15
-13
-11
-9
-7
-4
-1
1
3
5
7
9
11
13
14
14
15
16
15
15
15
14
14
12
11
10
8
5
3
1
-1
-3
-4
-6
-9
-10
-12
-13
-14
-16
-16
-16
-16
-18
-16
-16
-16
-14
-13
-12
-11
-8
-7
-4
-2
-1
1
3
4
6
7
10
10
13
13
14
14
14
15
14
14
13
12
11
10
9
7
5
5
2
1
0
-3
-4
-5
-6
-8
-9
-10
-11
-11
-12
-13
-12
-12
-11
-11
-10
-9
-7
-6
-6
-4
-2
-1
1
2
5
6
7
9
9
12
12
13
14
14
14
14
14
14
12
12
11
9
8
6
5
3
2
-1
-2
-3
-5
-7
-9
-10
-11
-12
-12
-13
-13
-13
-14
-12
-12
-11
-10
-9
-7
-6
-5
-2
0
1
4
5
8
9
10
12
14
14
16
17
18
18
17
17
16
15
13
13
11
9
7
5
4
2
-1
-2
-5
-7
-8
-10
-12
-13
-15
-16
-17
-17
-17
-17
-17
-17
-15
-15
-13
-11
-8
-7
-5
-2
-1
2
4
6
8
10
13
13
16
16
18
19
19
18
18
17
16
15
14
13
10
8
6
3
1
-2
-5
-7
-9
-13
-13
-15
-19
-20
-21
-22
-23
-23
-22
-22
-22
-20
-19
-17
-15
-12
-10
-7
-4
-1
1
5
7
9
12
14
16
18
20
20
20
21
20
20
19
18
16
14
11
8
5
2
-1
-3
-7
-9
-13
-15
-19
-21
-22
-25
-25
-26
-26
-27
-26
-25
-23
-22
-19
-17
-13
-11
-8
-5
-2
1
4
7
11
13
16
18
19
20
20
20
21
20
19
18
16
14
12
10
7
5
1
-2
-5
-8
-11
-12
-14
-17
-19
-20
-21
-22
-22
-22
-21
-21
-19
-17
-16
-14
-13
-10
-7
-5
-2
0
2
5
6
8
10
12
13
14
15
16
15
14
15
14
13
12
11
9
7
5
3
2
0
-2
-3
-4
-6
-8
-9
-10
-11
-12
-11
-12
-13
-13
-13
-12
-11
-11
-11
-10
-8
-7
-6
-5
-4
-2
-1
1
2
4
4
5
7
8
8
9
10
10
10
11
11
11
10
10
10
10
8
8
7
4
3
3
1
0
-2
-2
-4
-5
-6
-8
-9
-11
-11
-12
-13
-13
-13
-13
-14
-11
-12
-11
-10
-8
-7
-5
-4
-3
0
2
3
6
7
9
11
12
15
16
17
18
19
19
19
19
19
19
17
16
13
11
9
7
4
1
-1
-4
-6
-8
-11
-14
-16
-18
-19
-21
-22
-23
-23
-23
-22
-21
-19
-18
-15
-13
-11
-8
-4
-1
3
5
9
12
15
18
20
21
24
26
27
28
28
27
27
25
24
22
18
16
13
10
6
3
0
-4
-8
-10
-14
-17
-19
-20
-22
-24
-26
-25
-26
-25
-24
-23
-21
-19
-16
-14
-10
-7
-5
-1
2
5
8
10
13
15
18
19
21
22
22
22
21
21
19
19
17
14
12
9
7
4
1
-2
-4
-7
-9
-13
-14
-16
-17
-18
-19
-20
-20
-20
-20
-19
-18
-16
-14
-12
-10
-7
-5
-2
0
2
5
7
9
12
13
15
16
17
18
18
18
16
16
15
14
13
11
8
6
4
1
-1
-4
-6
-9
-11
-13
-16
-17
-18
-19
-21
-22
-22
-22
-21
-21
-19
-17
-16
-14
-11
-10
-7
-5
-2
1
3
5
8
10
13
14
16
17
19
19
20
20
20
19
18
17
14
13
12
10
7
5
3
-1
-3
-5
-7
-9
-12
-13
-15
-17
-19
-19
-19
-20
-20
-19
-19
-18
-17
-16
-14
-13
-11
-8
-6
-4
-2
1
2
4
5
8
9
11
12
13
15
16
15
16
15
14
15
14
14
12
10
10
8
6
4
3
2
-1
-2
-4
-5
-6
-8
-9
-10
-11
-12
-12
-13
-11
-12
-11
-10
-9
-8
-6
-6
-4
-2
0
0
2
3
5
7
7
9
10
11
11
12
12
12
12
11
10
9
9
7
6
4
3
2
0
-1
-2
-4
-5
-6
-7
-8
-9
-9
-10
-9
-9
-10
-7
-8
-7
-5
-4
-3
-1
0
2
3
6
6
8
9
10
11
12
12
12
13
13
12
13
12
10
10
9
7
5
5
3
1
0
-1
-3
-5
-6
-7
-9
-10
-10
-12
-12
-12
-12
-13
-12
-12
-12
-11
-10
-8
-7
-5
-4
-2
-2
1
3
4
6
7
8
10
10
12
13
13
13
15
14
14
13
13
12
11
11
9
6
6
5
2
1
-1
-3
-4
-6
-8
-9
-11
-13
-13
-13
-15
-15
-17
-16
-16
-15
-15
-14
-14
-11
-11
-9
-7
-6
-4
-2
-1
2
2
4
6
8
10
10
10
11
12
13
14
13
13
12
12
12
10
9
7
6
4
2
2
0
-2
-4
-5
-7
-8
-10
-12
-13
-15
-15
-15
-16
-16
-16
-17
-16
-15
-14
-14
-13
-11
-9
-8
-6
-5
-3
-2
0
2
3
4
6
7
8
10
9
11
10
11
10
11
10
9
9
7
7
5
3
1
0
-1
-3
-5
-7
-8
-9
-11
-12
-13
-14
-14
-16
-16
-16
-15
-15
-14
-13
-12
-11
-10
-7
-5
-4
-2
-1
1
2
3
5
7
8
9
10
11
11
11
12
11
12
11
10
9
7
7
5
3
2
0
-1
-3
-6
-7
-9
-11
-13
-13
-14
-15
-15
-16
-16
-16
-15
-15
-13
-12
-10
-9
-7
-5
-3
-2
0
2
3
5
6
8
8
10
10
11
12
12
13
13
13
13
12
12
11
9
8
6
4
3
1
-1
-4
-6
-7
-10
-12
-13
-14
-15
-16
-16
-16
-15
-14
-14
-13
-10
-10
-8
-6
-5
-2
-1
0
1
2
5
5
6
7
9
10
11
12
14
15
15
16
14
15
14
14
13
11
10
7
5
3
0
-1
-3
-5
-8
-9
-11
-12
-13
-13
-14
-14
-14
-13
-14
-12
-12
-10
-9
-9
-8
-6
-5
-3
-3
-1
0
1
3
5
7
9
11
13
15
16
17
18
19
20
19
19
19
17
15
14
10
7
4
2
-1
-3
-7
-9
-10
-13
-14
-15
-15
-16
-16
-15
-15
-15
-15
-15
-14
-13
-12
-11
-10
-9
-8
-7
-5
-4
-1
1
3
5
7
10
13
16
19
21
23
23
24
24
25
23
22
19
15
12
9
6
1
-3
-7
-10
-13
-16
-18
-20
-21
-21
-21
-21
-20
-19
-17
-16
-15
-14
-12
-10
-11
-9
-8
-7
-6
-5
-3
-2
-1
2
3
6
8
10
12
15
17
20
21
21
22
21
22
20
18
16
12
8
4
1
-3
-7
-11
-14
-17
-19
-21
-21
-23
-22
-23
-22
-21
-19
-15
-14
-11
-10
-9
-7
-5
-5
-2
-2
-1
-2
-1
1
2
3
4
7
8
10
12
14
17
19
20
21
21
21
21
19
17
14
11
7
3
-2
-6
-11
-15
-19
-23
-26
-28
-29
-29
-29
-28
-27
-25
-22
-18
-15
-12
-10
-5
-3
-1
1
4
5
7
8
9
10
10
12
13
15
17
19
20
22
23
25
25
25
26
23
22
19
16
12
7
2
-4
-9
-14
-20
-25
-29
-32
-35
-36
-36
-36
-34
-31
-28
-24
-20
-15
-10
-6
-3
2
5
8
9
12
14
15
16
15
16
17
17
19
19
20
21
23
24
25
25
26
25
24
23
22
19
16
10
5
0
-6
-12
-17
-23
-28
-33
-36
-38
-38
-37
-35
-32
-29
-23
-18
-14
-7
-3
3
8
11
15
17
18
18
19
17
16
16
15
13
13
12
13
15
16
17
19
22
23
25
26
26
26
24
22
18
13
8
2
-4
-12
-19
-26
-31
-37
-39
-43
-45
-43
-42
-38
-33
-27
-21
-14
-8
-1
5
10
16
20
22
23
25
24
24
23
21
20
19
17
15
16
17
17
17
20
22
23
24
22
23
22
20
16
12
6
0
-6
-13
-21
-29
-34
-40
-44
-48
-50
-51
-49
-47
-43
-37
-31
-23
-16
-8
-1
6
12
19
24
27
31
32
33
33
31
30
28
25
23
21
18
16
14
13
11
11
10
9
9
8
7
6
5
2
1
-3
-8
-12
-17
-23
-30
-34
-40
-44
-48
-50
-52
-52
-49
-45
-39
-32
-25
-17
-6
2
12
21
29
36
40
44
45
45
43
40
36
29
23
14
9
3
-3
-7
-9
-10
-11
-10
-7
-5
-2
2
4
6
7
7
4
2
-3
-9
-16
-24
-31
-38
-44
-48
-52
-52
-52
-48
-43
-34
-25
-13
-2
9
20
30
40
45
51
53
53
52
46
39
32
23
15
5
-3
-12
-17
-22
-25
-26
-24
-22
-19
-13
-9
-3
1
7
9
11
11
10
6
3
-3
-10
-16
-24
-29
-34
-37
-38
-39
-36
-32
-25
-19
-9
1
10
19
29
36
42
46
47
48
45
39
32
24
15
7
-2
-9
-17
-23
-25
-28
-27
-26
-23
-18
-12
-7
-1
4
8
11
12
12
11
8
4
-1
-6
-11
-18
-23
-28
-30
-30
-30
-27
-23
-18
-11
-2
6
15
24
31
38
42
45
46
45
41
36
30
22
14
5
-3
-10
-15
-20
-22
-25
-23
-22
-19
-16
-11
-8
-3
-1
0
1
0
-2
-5
-8
-12
-16
-21
-24
-27
-27
-26
-25
-20
-15
-9
-2
7
13
22
28
35
41
43
46
46
44
43
38
33
26
20
12
7
1
-3
-8
-12
-15
-16
-17
-17
-16
-16
-15
-14
-14
-14
-14
-15
-16
-18
-21
-24
-25
-27
-27
-27
-26
-23
-21
-15
-9
-4
4
10
17
23
28
32
35
37
38
37
35
32
29
25
21
17
12
10
6
3
0
-1
-3
-5
-7
-8
-10
-13
-15
-18
-19
-22
-23
-28
-29
-30
-31
-30
-29
-27
-24
-22
-18
-14
-10
-6
-2
2
6
9
13
15
18
19
21
23
24
25
26
26
26
24
22
21
19
16
13
10
6
2
-1
-5
-10
-13
-17
-20
-24
-27
-29
-30
-31
-31
-31
-29
-27
-25
-21
-19
-15
-11
-7
-4
-1
2
5
7
9
10
12
12
13
14
16
16
16
18
18
19
19
19
18
16
13
11
8
4
0
-4
-8
-12
-16
-19
-20
-21
-22
-21
-20
-18
-17
-15
-13
-11
-9
-8
-8
-8
-7
-9
-9
-8
-8
-7
-6
-4
-1
1
4
7
12
15
18
19
21
22
21
20
17
14
11
7
3
-1
-4
-7
-10
-10
-12
-10
-10
-8
-6
-3
0
3
5
6
6
4
3
1
-3
-7
-11
-17
-21
-24
-27
-27
-27
-25
-21
-17
-11
-4
3
11
19
24
30
34
36
37
35
32
27
22
16
9
3
-2
-7
-11
-13
-14
-12
-10
-8
-3
0
4
7
9
10
11
9
7
2
-2
-7
-13
-18
-23
-27
-30
-31
-32
-29
-26
-21
-15
-8
0
7
13
21
28
32
35
36
36
36
32
29
24
18
13
7
2
-3
-7
-9
-11
-10
-9
-8
-5
-3
0
3
7
7
9
8
6
4
0
-3
-7
-12
-16
-21
-25
-28
-28
-29
-28
-25
-21
-16
-9
-2
5
12
18
24
29
33
35
37
35
34
32
28
24
19
13
9
5
0
-3
-6
-9
-11
-11
-12
-12
-11
-10
-9
-8
-7
-6
-4
-5
-6
-7
-8
-10
-13
-15
-17
-18
-20
-18
-18
-16
-13
-9
-5
1
7
13
18
24
29
33
34
36
34
33
29
25
20
13
8
2
-4
-9
-13
-17
-19
-22
-22
-22
-21
-20
-18
-17
-16
-13
-12
-10
-9
-8
-8
-7
-7
-6
-5
-4
-3
-2
-2
0
0
1
3
5
6
9
10
11
14
14
17
17
17
17
16
13
11
8
5
2
-1
-6
-10
-12
-15
-19
-21
-22
-24
-25
-24
-23
-21
-20
-19
-16
-13
-10
-8
-5
-3
-1
1
2
4
5
6
6
7
5
6
5
4
6
6
6
7
8
10
11
12
13
15
15
16
16
16
15
13
10
6
2
-2
-8
-12
-16
-22
-25
-29
-30
-31
-30
-29
-27
-24
-20
-16
-10
-7
-3
0
4
6
7
9
8
6
5
3
2
0
-2
-3
-3
-2
-2
1
3
7
10
14
18
21
24
26
27
27
26
24
21
17
11
6
0
-7
-13
-18
-22
-27
-28
-30
-29
-28
-25
-20
-17
-12
-8
-3
0
3
6
6
6
5
4
0
-3
-6
-8
-10
-13
-13
-12
-10
-6
-2
3
9
16
21
26
32
35
37
37
36
33
29
23
18
11
5
-2
-9
-13
-18
-22
-24
-26
-26
-26
-25
-23
-20
-18
-16
-13
-10
-10
-7
-6
-6
-5
-4
-4
-2
-2
-1
-1
1
3
5
7
10
14
16
20
23
25
28
30
30
30
31
30
28
25
21
17
11
7
1
-5
-12
-16
-21
-24
-27
-30
-32
-31
-31
-31
-29
-26
-24
-22
-18
-15
-11
-8
-5
-3
0
2
5
7
8
10
12
14
14
16
17
18
20
21
22
23
24
25
25
24
23
22
20
18
15
11
7
2
-3
-9
-13
-18
-23
-26
-29
-32
-33
-34
-34
-34
-31
-29
-26
-21
-18
-15
-10
-7
-3
0
3
6
7
8
10
11
12
12
14
14
16
17
19
19
20
21
20
21
20
19
18
15
13
10
6
1
-3
-6
-10
-14
-18
-21
-24
-26
-28
-29
-31
-30
-28
-27
-26
-23
-22
-19
-16
-13
-10
-8
-7
-4
-2
0
3
6
8
9
11
12
15
16
17
18
18
19
18
18
17
17
15
14
12
10
8
5
3
0
-2
-5
-9
-11
-15
-17
-20
-22
-24
-26
-27
-27
-29
-27
-26
-25
-23
-21
-19
-15
-12
-8
-6
-2
0
3
5
8
8
10
12
13
14
15
15
16
16
17
17
17
18
18
17
16
15
14
12
9
6
3
-1
-4
-8
-13
-17
-19
-23
-26
-27
-29
-29
-28
-27
-25
-23
-20
-17
-14
-10
-6
-3
1
5
6
9
11
13
14
16
17
19
18
19
19
19
19
18
18
17
17
15
14
12
10
8
5
2
0
-3
-6
-10
-12
-14
-17
-19
-21
-21
-22
-22
-21
-21
-19
-17
-14
-12
-9
-6
-2
0
4
7
10
13
16
19
20
22
23
25
24
25
24
23
23
21
18
16
13
10
8
7
4
2
-1
-3
-4
-6
-8
-9
-12
-14
-16
-17
-18
-20
-21
-21
-23
-23
-22
-22
-19
-16
-13
-10
-5
0
5
9
14
19
22
26
29
30
31
32
31
31
29
27
24
20
18
14
11
8
6
4
3
0
-1
-2
-4
-5
-6
-8
-10
-13
-15
-16
-18
-21
-22
-23
-24
-24
-23
-23
-21
-17
-15
-11
-6
-3
1
7
10
14
17
19
22
23
23
23
22
21
20
17
15
13
10
8
6
4
3
2
0
0
-1
-2
-3
-3
-4
-6
-7
-8
-10
-11
-14
-14
-16
-17
-18
-17
-17
-17
-17
-15
-14
-11
-9
-6
-4
-1
1
3
5
7
9
9
11
10
11
10
9
8
6
5
3
3
2
0
-1
-2
-3
-3
-4
-3
-4
-4
-5
-5
-6
-5
-7
-8
-8
-9
-10
-11
-12
-12
-13
-13
-14
-13
-12
-12
-10
-7
-5
-3
0
2
4
7
8
11
11
13
12
12
11
11
10
9
7
6
5
3
2
2
0
1
0
-1
-2
-2
-3
-4
-5
-6
-7
-8
-10
-12
-13
-15
-16
-17
-18
-19
-18
-19
-17
-16
-14
-11
-9
-6
-3
0
3
6
9
12
13
15
17
18
18
19
18
18
17
16
14
14
12
10
8
7
5
4
1
1
-1
-3
-4
-6
-7
-9
-11
-12
-14
-15
-16
-16
-18
-18
-18
-18
-18
-16
-14
-13
-11
-8
-6
-3
0
2
5
8
11
13
15
17
18
20
20
22
21
20
20
19
18
16
14
12
11
9
6
5
1
0
-3
-4
-8
-9
-12
-13
-15
-17
-18
-19
-19
-20
-20
-20
-18
-17
-16
-13
-11
-8
-6
-3
0
2
6
9
10
13
15
18
19
21
21
22
23
23
22
21
20
19
17
15
14
11
8
6
3
1
-2
-5
-7
-10
-12
-14
-16
-18
-19
-21
-21
-22
-20
-20
-20
-17
-16
-14
-12
-10
-6
-4
-2
0
3
5
8
9
11
13
15
16
18
18
18
19
19
19
18
18
16
15
12
12
9
8
6
3
1
-2
-4
-6
-8
-11
-12
-14
-15
-16
-17
-17
-17
-18
-18
-17
-17
-16
-15
-13
-12
-10
-8
-6
-5
-2
-1
2
4
6
8
10
12
13
14
14
16
15
16
16
15
14
13
11
10
8
7
4
2
0
-2
-4
-7
-8
-11
-12
-14
-15
-16
-18
-18
-18
-19
-18
-19
-18
-17
-16
-14
-12
-10
-8
-7
-4
-2
0
2
4
5
8
10
11
12
13
13
13
14
13
13
12
11
10
7
6
4
3
1
-1
-3
-4
-7
-9
-10
-13
-14
-15
-17
-17
-17
-18
-18
-17
-16
-16
-14
-13
-11
-9
-8
-7
-4
-2
0
1
2
5
6
8
10
10
11
13
14
15
15
15
14
14
12
11
10
8
6
3
1
-1
-2
-6
-8
-10
-13
-14
-15
-16
-18
-18
-19
-19
-18
-18
-16
-15
-14
-12
-11
-9
-8
-6
-3
-2
1
3
6
7
10
12
14
15
17
18
18
20
21
19
18
18
17
15
13
10
7
5
2
0
-3
-6
-8
-10
-12
-14
-15
-16
-17
-18
-19
-18
-17
-17
-16
-17
-15
-14
-12
-10
-9
-7
-4
-2
0
3
4
7
9
12
13
16
17
19
19
21
20
21
20
19
18
16
15
13
11
9
6
4
3
0
-2
-3
-6
-7
-9
-10
-12
-12
-13
-14
-15
-15
-16
-15
-15
-14
-14
-13
-10
-9
-7
-5
-2
0
3
5
7
9
12
13
15
16
17
18
18
19
17
17
16
16
14
13
11
9
9
6
4
2
0
-2
-5
-6
-8
-10
-11
-12
-13
-14
-15
-15
-15
-16
-15
-14
-13
-10
-9
-6
-3
-1
1
4
6
7
9
12
12
14
15
16
15
15
16
15
13
12
12
10
9
7
5
4
2
0
-2
-4
-6
-8
-10
-11
-13
-15
-16
-16
-17
-17
-16
-16
-15
-15
-12
-11
-8
-7
-5
-3
-1
1
3
5
6
8
9
10
12
11
13
13
13
13
12
13
13
11
10
10
7
6
4
3
1
-1
-3
-5
-7
-9
-12
-13
-15
-16
-16
-17
-18
-19
-18
-17
-17
-16
-15
-14
-13
-11
-10
-8
-6
-5
-3
-1
1
2
4
6
8
9
11
12
13
13
14
15
15
15
14
13
12
12
11
9
8
6
4
1
0
-3
-4
-6
-8
-9
-12
-14
-14
-15
-16
-17
-18
-18
-17
-17
-17
-16
-16
-13
-11
-10
-8
-6
-5
-2
0
2
3
6
9
9
11
13
13
14
15
15
15
16
16
15
14
13
12
10
8
7
5
4
2
0
-2
-4
-6
-8
-10
-11
-12
-13
-14
-15
-14
-14
-14
-13
-13
-12
-10
-9
-7
-6
-4
-2
0
2
4
4
7
8
9
11
12
13
14
13
15
14
15
14
13
13
11
10
9
6
5
4
1
0
-2
-4
-5
-7
-8
-10
-11
-12
-12
-12
-12
-12
-11
-10
-9
-8
-8
-6
-3
-2
0
2
4
6
8
9
10
12
13
14
15
15
16
17
16
15
15
14
13
11
9
7
6
4
2
-1
-2
-4
-6
-7
-9
-11
-12
-13
-13
-14
-15
-14
-14
-12
-12
-11
-9
-8
-7
-5
-3
-1
1
2
5
6
8
10
11
12
13
14
15
16
16
16
16
14
14
13
11
10
8
6
5
2
1
-1
-3
-5
-7
-8
-10
-11
-12
-14
-14
-16
-15
-15
-16
-15
-14
-13
-12
-11
-10
-9
-7
-5
-4
-1
-1
1
3
4
6
8
9
11
11
12
12
13
13
12
11
10
9
9
8
5
4
2
1
-1
-3
-4
-6
-8
-10
-11
-12
-13
-14
-15
-16
-15
-16
-15
-15
-14
-14
-12
-11
-10
-9
-7
-6
-4
-3
-1
1
3
4
6
7
8
9
10
10
10
10
10
9
8
8
6
6
3
2
1
-1
-2
-4
-5
-8
-8
-9
-12
-12
-12
-13
-15
-14
-14
-14
-15
-13
-12
-11
-11
-9
-8
-6
-4
-2
-1
0
1
4
5
7
8
9
9
9
10
10
10
10
9
8
8
7
4
3
3
1
-1
-2
-3
-4
-6
-8
-9
-10
-12
-13
-14
-14
-15
-14
-15
-14
-14
-13
-12
-10
-9
-7
-6
-5
-2
-2
1
2
4
6
7
8
10
11
12
11
13
12
13
13
12
11
11
10
8
7
6
4
2
0
-1
-3
-4
-5
-7
-8
-10
-12
-12
-13
-13
-14
-14
-14
-13
-13
-11
-10
-9
-8
-6
-5
-3
-2
0
2
3
6
7
8
10
11
12
12
13
14
13
13
12
13
12
11
9
8
7
6
4
2
0
-1
-3
-4
-5
-6
-7
-9
-10
-10
-11
-12
-10
-11
-10
-10
-10
-9
-8
-7
-5
-3
-3
-2
0
1
3
4
5
6
7
9
9
9
10
11
11
11
10
10
10
9
9
8
7
5
4
3
1
0
-1
-2
-3
-4
-5
-6
-7
-8
-8
-8
-8
-9
-9
-9
-8
-8
-8
-7
-5
-5
-4
-4
-2
0
1
2
4
4
6
7
8
8
10
10
10
10
11
9
10
9
8
7
7
6
5
4
2
1
0
-2
-3
-4
-5
-6
-8
-9
-9
-10
-11
-12
-11
-12
-11
-11
-11
-8
-9
-8
-7
-5
-3
-2
-1
1
2
4
5
7
8
8
9
10
11
11
11
11
10
10
9
9
8
6
4
3
2
-1
-2
-3
-5
-5
-8
-9
-10
-10
-13
-12
-14
-14
-14
-13
-12
-12
-11
-10
-9
-7
-7
-4
-3
-2
-2
1
2
3
5
5
6
7
8
8
9
10
9
9
9
8
7
5
5
3
3
2
1
-2
-3
-3
-5
-6
-7
-8
-9
-9
-9
-11
-11
-9
-10
-9
-8
-9
-7
-6
-5
-4
-3
-2
-1
1
1
1
4
4
5
5
6
7
8
8
7
7
6
6
5
4
4
2
1
1
-1
-1
-2
-4
-4
-5
-6
-7
-7
-7
-8
-8
-8
-8
-7
-8
-6
-6
-5
-5
-4
-3
-2
-1
0
0
2
2
5
5
5
7
6
7
7
7
7
6
7
6
4
5
4
3
3
1
1
-1
-2
-3
-4
-5
-6
-6
-6
-7
-8
-8
-8
-9
-9
-8
-7
-7
-7
-5
-4
-2
-2
0
0
1
3
4
4
6
6
7
8
9
9
10
10
10
11
10
10
9
10
8
7
7
5
5
3
2
1
-1
-1
-3
-3
-5
-6
-6
-7
-8
-8
-9
-9
-9
-9
-8
-7
-7
-6
-5
-4
-3
-2
0
1
1
4
5
5
6
8
9
10
11
12
12
12
13
12
13
11
12
10
10
9
8
6
5
4
2
1
-1
-2
-3
-4
-5
-7
-7
-8
-9
-9
-9
-9
-9
-10
-9
-9
-9
-8
-6
-5
-4
-3
-1
0
1
2
3
5
5
7
7
8
9
11
10
11
10
11
10
9
8
7
6
5
4
3
2
1
0
-2
-3
-5
-7
-7
-8
-9
-10
-11
-11
-11
-11
-11
-10
-10
-9
-9
-8
-7
-5
-4
-3
-2
0
1
2
3
4
5
6
7
7
8
8
7
7
8
7
7
6
5
5
3
1
1
0
-1
-3
-4
-5
-6
-8
-8
-9
-10
-11
-11
-11
-12
-12
-12
-11
-11
-11
-10
-8
-8
-7
-6
-4
-3
-2
0
1
2
2
4
4
6
6
6
6
7
7
7
7
6
6
5
5
4
3
1
0
0
-1
-3
-4
-4
-6
-8
-8
-9
-9
-10
-10
-10
-10
-11
-10
-10
-10
-9
-8
-7
-6
-5
-4
-2
-1
0
0
2
2
4
4
4
5
6
7
6
8
6
6
6
5
4
4
3
2
1
1
-1
-1
-3
-4
-5
-6
-6
-7
-7
-7
-8
-8
-8
-8
-7
-6
-6
-5
-5
-4
-3
-2
-2
0
1
1
3
4
4
5
6
6
7
7
8
7
8
6
6
6
6
5
4
4
2
1
0
0
-1
-3
-3
-4
-5
-5
-6
-7
-7
-7
-7
-7
-7
-7
-6
-6
-5
-4
-5
-3
-2
-2
-1
1
1
2
3
5
5
5
7
8
8
8
8
8
8
8
7
7
7
6
5
4
4
3
1
1
0
-1
-2
-3
-4
-5
-5
-6
-6
-7
-8
-7
-7
-8
-8
-6
-6
-6
-5
-5
-3
-2
-1
-1
1
2
3
3
5
6
7
7
7
8
8
9
8
8
8
7
7
6
6
6
5
3
3
1
1
0
-2
-2
-4
-4
-5
-6
-6
-8
-8
-9
-9
-8
-8
-8
-7
-8
-6
-6
-5
-4
-3
-2
-1
0
1
1
3
4
5
5
5
6
6
7
7
8
8
8
8
8
6
6
5
4
4
3
1
1
-1
-1
-3
-4
-5
-6
-7
-8
-9
-9
-10
-11
-11
-12
-11
-10
-10
-10
-9
-8
-8
-7
-5
-4
-3
-2
0
1
2
2
4
5
6
7
8
8
8
9
9
9
8
8
8
7
6
5
4
2
2
-1
-1
-2
-4
-5
-7
-7
-8
-10
-10
-12
-13
-12
-12
-12
-12
-13
-12
-11
-10
-9
-9
-7
-7
-5
-3
-2
0
1
2
3
4
5
7
7
9
9
9
10
10
10
10
9
9
8
8
6
5
4
3
2
0
0
-2
-3
-5
-6
-8
-8
-9
-10
-12
-12
-12
-13
-13
-13
-12
-12
-12
-10
-9
-8
-6
-5
-4
-2
-1
1
2
4
6
6
9
9
10
11
12
12
13
12
12
11
12
10
9
7
6
5
4
1
0
-2
-3
-5
-6
-7
-9
-9
-10
-11
-12
-11
-11
-11
-10
-9
-8
-8
-6
-5
-3
-2
0
1
3
4
6
7
8
9
10
11
11
12
12
13
11
12
10
10
9
8
6
5
3
2
0
-1
-1
-3
-4
-4
-5
-6
-7
-6
-7
-6
-6
-5
-6
-4
-2
-3
-1
0
1
3
3
5
7
7
7
9
10
10
11
10
10
10
10
9
8
7
7
5
4
3
2
0
-1
-2
-3
-5
-5
-6
-6
-6
-8
-8
-8
-8
-7
-6
-6
-4
-5
-3
-1
0
0
1
3
4
5
7
8
9
10
11
11
12
12
12
12
11
11
11
10
9
8
5
5
3
2
0
-1
-3
-4
-6
-7
-10
-10
-12
-12
-13
-14
-15
-15
-15
-15
-13
-14
-12
-12
-11
-10
-8
-7
-6
-3
-2
0
2
3
5
7
9
10
11
12
13
15
15
15
15
15
15
13
12
11
10
8
6
4
2
0
-3
-4
-6
-9
-11
-13
-14
-16
-18
-18
-19
-20
-20
-20
-20
-19
-18
-17
-16
-13
-12
-10
-7
-6
-2
-1
2
4
6
8
10
10
13
13
14
14
15
15
15
14
13
11
9
8
6
5
3
1
-1
-4
-5
-7
-9
-11
-12
-13
-14
-15
-15
-16
-16
-16
-16
-14
-14
-12
-11
-10
-7
-6
-4
-2
-2
0
2
4
5
7
7
8
8
10
10
10
10
10
10
10
9
7
7
6
4
2
2
0
-1
-3
-4
-4
-6
-8
-8
-10
-9
-11
-11
-11
-10
-10
-10
-9
-8
-7
-7
-5
-4
-2
-1
1
1
2
4
5
6
7
8
9
10
11
10
11
11
10
10
10
9
7
7
6
3
3
1
0
-2
-4
-5
-6
-7
-8
-10
-10
-11
-12
-12
-12
-11
-11
-10
-9
-8
-7
-6
-5
-3
-1
0
1
4
6
7
9
10
11
13
14
15
16
15
15
16
15
15
14
14
12
11
9
8
5
3
1
0
-2
-4
-6
-7
-9
-10
-11
-12
-14
-14
-14
-14
-15
-14
-14
-12
-11
-9
-8
-6
-5
-3
-2
2
2
5
7
8
10
12
14
15
16
16
17
18
16
17
16
15
14
13
11
9
8
6
4
2
0
-1
-3
-6
-7
-9
-11
-12
-13
-13
-14
-15
-14
-14
-13
-13
-11
-10
-9
-8
-5
-3
-2
0
2
4
5
7
9
10
11
11
13
12
13
13
13
11
11
10
9
7
6
3
1
-1
-3
-3
-5
-7
-8
-10
-12
-12
-14
-14
-14
-13
-15
-14
-12
-12
-11
-10
-8
-7
-5
-3
-2
0
2
3
5
6
7
9
9
10
10
11
11
11
10
10
8
8
6
5
3
2
1
-1
-3
-5
-7
-9
-11
-11
-13
-14
-16
-16
-17
-18
-18
-17
-18
-16
-15
-14
-13
-12
-10
-8
-6
-4
-2
-1
1
3
5
6
7
9
9
10
12
12
12
13
12
11
11
11
9
8
6
5
2
1
-1
-3
-5
-6
-8
-10
-12
-13
-14
-15
-17
-17
-17
-17
-18
-16
-15
-14
-13
-13
-11
-9
-7
-5
-3
-2
0
2
4
5
7
9
10
10
12
13
13
14
13
13
12
11
11
10
9
7
5
3
1
1
-1
-3
-5
-7
-8
-9
-11
-12
-13
-13
-13
-14
-14
-13
-13
-13
-11
-11
-9
-8
-6
-5
-2
-1
1
4
5
7
8
10
11
12
13
14
14
15
15
14
15
13
13
12
10
8
7
5
3
2
0
-2
-3
-6
-7
-8
-9
-11
-11
-12
-12
-13
-13
-12
-11
-11
-10
-8
-7
-5
-3
-1
1
2
3
5
8
10
10
11
13
14
15
16
15
16
16
15
15
14
12
10
10
8
7
4
3
1
0
-2
-4
-6
-7
-8
-10
-10
-11
-12
-12
-11
-11
-11
-11
-9
-8
-8
-6
-5
-3
-1
0
2
4
5
7
9
10
11
12
13
13
13
13
13
14
12
12
11
10
9
8
6
5
3
2
1
-2
-2
-5
-7
-8
-9
-10
-11
-11
-12
-12
-12
-12
-13
-11
-11
-10
-9
-8
-7
-6
-4
-2
-1
0
2
4
5
6
6
9
10
10
10
11
11
11
11
11
10
9
9
7
6
5
4
2
1
-2
-2
-5
-6
-7
-8
-9
-10
-11
-11
-12
-12
-12
-12
-12
-11
-11
-10
-9
-8
-6
-6
-5
-3
-1
1
2
2
4
5
7
8
9
8
10
10
10
10
11
10
9
9
7
6
5
4
2
1
-1
-2
-4
-4
-6
-7
-8
-10
-10
-11
-12
-12
-13
-13
-13
-12
-13
-11
-10
-10
-9
-7
-6
-4
-3
-1
1
2
3
5
6
6
9
9
10
11
11
12
11
12
10
10
10
9
7
6
5
3
1
-1
-2
-4
-6
-8
-9
-11
-11
-12
-14
-15
-15
-15
-15
-14
-14
-14
-13
-11
-10
-9
-6
-5
-2
-1
1
4
5
7
10
11
13
14
14
15
16
17
16
16
15
16
13
12
10
9
6
5
3
1
-1
-4
-6
-8
-10
-12
-13
-15
-15
-17
-17
-17
-18
-17
-16
-16
-15
-13
-13
-10
-9
-7
-4
-3
0
2
4
7
9
10
12
14
14
17
17
19
19
19
19
18
18
17
16
14
13
11
8
6
4
2
0
-2
-5
-8
-9
-12
-13
-15
-16
-17
-18
-18
-18
-19
-18
-17
-16
-15
-13
-11
-9
-6
-3
-1
1
3
6
9
11
13
14
17
18
20
21
22
21
21
20
21
20
18
16
13
12
9
8
3
1
-2
-5
-7
-9
-12
-13
-15
-16
-17
-18
-19
-19
-18
-18
-18
-16
-15
-13
-11
-9
-7
-4
-1
1
4
7
9
10
12
14
15
17
18
18
18
19
18
17
17
15
15
12
10
8
6
4
1
-1
-3
-4
-7
-7
-10
-11
-12
-14
-15
-15
-15
-15
-15
-15
-15
-13
-13
-12
-11
-9
-8
-7
-5
-4
-2
0
2
4
4
6
8
9
10
11
11
12
13
12
12
12
12
11
10
9
7
6
4
3
1
0
-3
-4
-7
-7
-10
-12
-13
-14
-16
-16
-17
-17
-18
-18
-18
-16
-16
-15
-14
-12
-10
-9
-6
-4
-2
0
2
4
6
8
9
11
13
12
14
14
14
13
13
13
12
11
10
8
6
4
2
-1
-2
-5
-8
-10
-12
-13
-14
-16
-17
-18
-18
-19
-18
-19
-18
-16
-16
-15
-13
-12
-9
-8
-6
-4
-1
0
1
4
6
7
9
10
10
12
13
12
13
12
13
12
11
10
9
7
6
3
2
1
-1
-3
-4
-6
-7
-9
-11
-11
-12
-13
-13
-14
-14
-14
-15
-14
-12
-12
-11
-11
-9
-7
-6
-3
-1
0
2
4
5
6
7
9
9
11
12
12
13
13
12
12
13
11
11
9
8
6
4
3
2
0
-1
-2
-4
-6
-6
-8
-9
-10
-11
-11
-11
-12
-12
-11
-11
-10
-9
-7
-6
-4
-4
-1
0
1
3
6
6
8
10
10
12
13
13
14
15
15
15
15
14
13
12
11
10
9
7
5
3
2
0
-3
-4
-6
-6
-8
-8
-9
-11
-11
-11
-12
-12
-11
-11
-10
-9
-7
-5
-4
-2
-1
1
3
5
7
8
11
12
13
14
15
16
17
16
17
17
16
15
14
12
11
10
7
5
3
1
-1
-4
-5
-7
-8
-10
-11
-12
-14
-14
-15
-14
-14
-13
-13
-11
-11
-10
-7
-7
-3
-2
1
3
5
6
8
9
11
13
14
14
14
16
16
15
15
14
13
11
10
9
7
4
1
0
-2
-4
-6
-8
-10
-11
-13
-15
-15
-16
-16
-17
-16
-17
-15
-15
-15
-12
-11
-9
-8
-6
-3
-1
0
1
3
4
6
7
9
10
12
12
12
12
12
11
11
11
9
8
6
5
3
2
0
-2
-3
-5
-7
-7
-10
-11
-13
-13
-14
-15
-15
-16
-16
-15
-15
-14
-14
-13
-13
-11
-10
-9
-7
-5
-3
-2
0
1
2
4
5
6
7
8
9
10
11
11
11
11
10
10
9
9
6
5
4
3
1
-1
-1
-4
-5
-7
-8
-9
-10
-11
-13
-13
-14
-14
-15
-15
-15
-14
-13
-13
-11
-10
-8
-5
-5
-3
-1
1
3
4
6
7
9
10
11
13
13
13
14
14
14
13
12
12
11
8
7
6
4
2
0
-1
-3
-5
-7
-8
-9
-11
-11
-12
-13
-13
-13
-13
-12
-12
-11
-10
-8
-6
-5
-3
-1
1
2
5
6
8
11
12
13
13
16
16
17
17
17
17
15
15
14
13
10
9
7
6
4
1
-1
-2
-4
-6
-7
-9
-10
-12
-12
-14
-13
-13
-13
-13
-12
-11
-9
-8
-7
-4
-2
0
1
4
6
7
10
12
14
15
16
18
19
18
19
19
19
18
17
16
15
13
11
8
7
4
2
0
-2
-3
-6
-8
-10
-11
-12
-14
-15
-15
-15
-16
-15
-15
-13
-13
-11
-8
-8
-6
-3
-1
2
3
6
7
10
12
14
16
16
18
18
19
18
18
18
17
17
16
14
11
9
7
5
2
0
-2
-5
-7
-10
-11
-14
-15
-16
-17
-19
-19
-20
-20
-19
-18
-16
-15
-14
-11
-10
-7
-4
-2
2
3
5
7
10
12
13
15
16
17
16
17
16
17
16
15
14
12
10
7
6
3
1
-1
-4
-5
-8
-10
-13
-13
-15
-16
-16
-17
-19
-18
-17
-17
-16
-16
-15
-13
-11
-9
-8
-5
-4
-2
0
2
2
4
6
8
9
9
10
11
11
10
11
10
10
9
8
6
5
4
3
1
-1
-2
-4
-4
-6
-8
-9
-10
-12
-13
-13
-14
-14
-14
-14
-14
-14
-13
-12
-11
-9
-8
-7
-5
-2
-2
-1
1
2
3
5
7
9
8
9
10
11
11
10
10
9
9
8
7
6
3
2
1
-2
-2
-4
-6
-8
-9
-10
-11
-13
-14
-14
-15
-15
-14
-15
-14
-13
-12
-11
-9
-8
-6
-5
-3
0
1
3
5
7
8
10
10
12
12
14
14
14
14
14
13
11
10
8
7
6
4
2
0
-2
-4
-5
-7
-9
-10
-12
-13
-13
-13
-14
-14
-14
-14
-13
-12
-12
-10
-8
-6
-5
-3
-1
1
2
4
6
8
10
10
11
12
13
14
15
14
15
14
13
13
11
9
8
7
5
4
2
0
-2
-4
-5
-6
-8
-9
-11
-11
-11
-11
-13
-13
-12
-11
-11
-9
-9
-7
-5
-4
-2
0
1
3
6
7
8
10
10
13
13
14
14
14
14
14
13
13
13
11
10
9
7
6
4
2
0
-2
-3
-5
-7
-8
-9
-11
-12
-12
-13
-14
-13
-14
-13
-13
-11
-10
-9
-8
-6
-5
-2
-1
2
3
5
7
9
10
11
13
13
15
15
15
15
16
15
13
13
11
10
9
6
4
2
0
-2
-4
-5
-8
-10
-12
-14
-15
-16
-18
-18
-18
-18
-17
-17
-16
-14
-13
-11
-10
-7
-5
-4
-1
1
4
5
8
10
11
14
15
17
17
18
17
17
17
17
16
15
13
12
10
8
5
4
1
0
-3
-5
-8
-10
-12
-15
-16
-17
-17
-18
-19
-20
-19
-19
-19
-18
-17
-16
-14
-12
-10
-8
-6
-3
-1
1
3
5
7
9
11
12
13
14
16
17
16
17
16
15
15
14
12
12
10
8
6
5
2
1
-2
-4
-6
-8
-9
-11
-12
-14
-15
-15
-16
-16
-16
-15
-16
-15
-14
-13
-12
-10
-8
-7
-6
-3
-1
0
2
3
4
6
7
8
9
10
10
11
11
12
11
10
10
9
8
7
4
3
4
2
0
0
-3
-3
-5
-5
-8
-7
-8
-8
-9
-9
-9
-9
-7
-8
-7
-6
-5
-3
-2
-1
0
2
3
3
5
5
7
8
7
8
8
9
8
9
7
7
6
5
4
3
1
0
-2
-2
-3
-5
-7
-8
-8
-8
-10
-11
-10
-11
-10
-10
-9
-8
-7
-7
-5
-5
-2
-1
0
3
5
6
8
9
12
13
14
15
16
16
17
16
16
16
15
14
13
11
8
6
4
2
0
-2
-5
-6
-10
-10
-13
-14
-15
-16
-16
-17
-17
-17
-16
-16
-15
-14
-12
-10
-7
-5
-3
0
2
5
6
9
11
14
15
17
18
19
20
20
20
20
19
18
18
16
14
12
9
7
5
2
0
-2
-5
-7
-8
-11
-13
-15
-15
-17
-17
-17
-17
-17
-17
-15
-15
-12
-11
-9
-7
-5
-2
1
3
6
6
10
11
13
14
16
18
18
18
18
18
17
16
15
13
12
11
8
6
4
1
-2
-3
-5
-7
-10
-12
-13
-15
-16
-17
-17
-18
-17
-17
-15
-16
-15
-12
-11
-9
-8
-6
-3
-1
0
2
5
7
8
10
12
13
14
15
14
15
15
14
14
12
11
9
8
7
4
2
0
-2
-3
-5
-8
-10
-11
-13
-15
-15
-16
-17
-17
-17
-16
-15
-15
-14
-13
-11
-10
-7
-5
-4
-2
0
2
4
5
7
8
10
11
12
12
12
12
12
11
11
10
9
7
6
4
4
1
0
-2
-5
-5
-6
-9
-10
-11
-11
-12
-13
-13
-14
-13
-13
-13
-12
-11
-9
-9
-7
-6
-5
-3
-2
-1
1
3
5
6
7
6
8
9
10
11
10
11
11
11
10
10
9
8
7
6
4
4
2
1
-1
-2
-4
-5
-7
-8
-9
-11
-11
-12
-13
-14
-15
-15
-14
-14
-14
-13
-13
-11
-10
-8
-7
-4
-3
-1
1
4
5
8
10
12
13
14
16
17
18
18
19
19
19
18
16
15
13
10
9
6
3
1
-2
-4
-9
-11
-14
-15
-18
-19
-21
-23
-21
-23
-22
-22
-21
-20
-19
-15
-13
-10
-7
-4
0
3
6
10
12
14
17
20
21
23
24
25
25
25
24
23
21
18
16
14
10
7
4
1
-4
-6
-9
-12
-15
-17
-19
-21
-21
-23
-23
-23
-22
-21
-20
-18
-16
-14
-11
-7
-4
-2
1
4
7
10
12
15
17
18
20
21
22
22
22
21
21
0
0
0
0
0
0
0
0
0
0
0
0
0
0
0
0
0
0
0
0
0
0
0
0
0
0
0
0
0
0
0
0
0
0
0
0
0
0
0
0
0
0
0
0
0
0
0
0
0
0
0
0
0
0
0
0
0
0
0
0
0
0
0
0
0
0
0
0
0
0
0
0
0
0
0
0
0
0
0
0
0
0
0
0
0
0
0
0
0
0
0
0
0
0
0
0
0
0
0
0
0
0
0
0
0
0
0
0
0
0
0
0
0
0
0
0
0
0
0
0
0
0
0
0
0
0
0
0
0
0
0
0
0
0
0
0
0
0
0
0
0
0
0
0
0
0
0
0
0
0
0
0
0
0
0
0
0
0
0
0
0
0
0
0
0
0
0
0
0
0
0
0
0
0
0
0
0
0
0
0
0
0
0
0
0
0
0
0
0
0
0
0
0
0
0
0
0
0
